lsm6dsr_accelerometer.x,lsm6dsr_accelerometer.y,lsm6dsr_accelerometer.z,lsm6dsr_gyroscope.x,lsm6dsr_gyroscope.y,lsm6dsr_gyroscope.z
1.3567305,5.1936216,8.303693,-0.6381827,-0.6033644,0.43141088
1.5696917,5.3312087,8.740981,-0.08353336,-0.44378054,-0.016187452
2.4101706,5.9653068,6.9852476,-0.31733516,0.1937913,-0.4987568
1.4075779,5.487939,10.121041,-1.9742583,-1.2989666,-0.054365408
0.9320044,3.8721852,8.666205,0.6853706,-0.41064206,-1.2444485
-0.23629123,3.2362926,6.0155563,0.31168482,-0.4199575,-0.5709895
0.81595254,4.8616176,14.089538,-1.1135745,0.29610822,-0.77501243
-3.5252259,4.4171505,7.8849487,2.2318833,-0.07101099,1.9325681
4.334,-0.991825,6.1920266,-4.743687,5.087136,-0.47447562
4.634897,-1.3112668,9.540782,0.27472857,-2.2386024,-0.5355603
2.5441687,3.8177485,13.344173,0.3048128,-2.0241952,-1.4913836
-1.713261,6.8727846,7.6133633,-0.19470756,-0.766766,-0.6300889
-5.3353963,7.597212,3.7794633,0.21349111,-0.25915194,-0.8321267
1.1593226,5.0141597,10.595419,5.1874676,1.3119472,-1.6037794
11.946765,8.150552,22.747368,1.2323843,4.19255,-0.2367033
11.855838,-6.0640106,-2.0171494,1.8078024,1.1253333,1.7271706
8.449655,-2.2103698,-1.6504494,-2.0099928,-2.3624518,-0.90512294
29.04827,9.249456,37.63551,-8.260335,-1.3997566,-0.3683409
-4.229314,7.3100734,2.2103698,1.0196568,-2.730182,1.0903623
-6.699305,6.748956,-3.0400813,2.9942205,-0.72599196,0.14049487
7.902895,29.09134,21.239891,2.6645157,2.057028,0.08750387
4.4871407,-5.703293,-7.6983085,2.38093,-1.3983821,0.48928866
2.0745773,-7.0731835,-3.1040893,-0.3749075,-1.1442696,1.6715835
11.352747,2.8438697,4.2520456,-3.5335987,0.7818845,-2.3632154
6.8099732,6.6568327,1.8335004,-3.5091648,-2.7118564,2.5142474
1.5637096,8.92463,1.2586247,0.61329067,0.23212196,-1.3770025
10.533804,7.746763,7.147959,2.8108137,4.4843826,-3.2274115
25.57748,-0.16211374,8.918648,3.5452049,2.039619,1.8794243
-2.1415763,-4.610969,-0.5072784,1.1607625,0.7660025,-0.7319477
11.212169,-0.19740787,-5.536393,-2.1372018,-1.5671287,-0.644902
25.732414,13.375878,22.734207,-1.847813,-3.3529406,0.025502874
-5.453243,2.5028925,-2.6662025,-0.43080002,-2.1714094,-1.0213367
-5.459823,6.750751,2.0542383,1.5510939,-0.72171605,-0.2623589
7.8556366,28.020552,17.324036,1.8041373,2.5180652,0.19608197
5.89771,-5.933004,3.888935,0.9546015,3.0632463,0.80326414
0.99661064,-3.6987057,-7.375876,-1.1810732,-0.845718,-0.266024
11.164312,10.328021,5.432306,-3.3227036,-1.0025531,-1.6071391
8.740981,8.873783,6.2668023,-0.23609246,-1.7659594,-0.70934635
-3.9511483,4.1892343,-0.28115666,-0.083380654,-1.2077978,1.4835953
5.323432,13.23889,4.7395835,2.2598295,4.3671,-2.81906
17.06262,6.931409,4.045665,4.0445724,1.6166073,0.9889617
4.475775,-7.092326,0.8153543,1.8418572,-0.65910417,1.8322364
9.023932,-2.4388845,-4.033701,-3.8330665,-0.62795097,0.43614495
25.418955,12.943376,12.773485,-1.9521152,-6.730315,3.1480014
3.6197424,3.6059837,-2.5112674,-2.2534156,-1.7488557,0.12140589
-4.7228336,8.105088,4.7778687,-0.25793025,-0.06963659,0.39598173
3.293122,7.825128,3.551547,1.0480611,2.0496979,0.5289937
13.619349,-8.013563,-0.19501504,1.6587558,-0.035734564,3.3570638
6.62094,-3.9948175,-1.7910278,-2.6539786,-0.57709795,-0.7600467
16.01935,-1.6749759,-9.212367,-3.47511,0.7229377,0.15836215
14.379069,4.005585,2.6943183,-1.9547112,-0.33306447,-0.3155026
-6.022136,1.4195421,4.284947,-0.24678229,0.106440134,0.31336465
10.136595,2.7816563,-0.05503492,1.8023049,1.0176716,1.1299148
26.155346,-4.3782673,3.455236,2.1436157,-0.58885676,2.72896
4.6522455,-0.69332033,4.1234317,1.7859647,-0.44271156,-0.59939384
6.687341,-5.1924253,4.962116,2.1355221,-0.8104416,-1.5924788
12.936795,-2.6668007,-1.5421742,0.70201623,2.496991,-2.1769068
3.2004004,4.2257247,-6.2177496,-0.029931515,0.0022906773,0.2678565
2.3138595,2.900101,-9.40798,-0.33138463,0.74538636,0.72095245
13.786247,-1.4356936,4.558925,2.6820776,0.40147936,2.050156
11.876177,-18.005991,-8.279764,3.5636828,-1.9214201,5.949958
3.4354951,-2.9168508,-0.9906286,-0.9136748,-1.0741749,0.24968381
1.4859428,-7.629515,0.29671,-7.9933944,-3.9570684,2.6469538
-0.49172506,-17.291134,3.8398821,1.394717,2.1307878,0.7004891
-1.0570294,8.0404825,0.23688944,3.9735615,5.962022,-1.1169342
-6.521638,-6.346962,7.179066,-0.62902,3.6125507,-0.8365553
5.496912,-24.05684,8.571091,9.133694,-5.2651978,-0.6658235
2.937788,-2.1014965,-0.08793623,-2.4201767,1.49963,-0.8127323
4.805386,-25.565516,-16.380665,-6.8483615,-2.3138895,-0.0010689828
7.830512,-10.049855,7.3322067,-3.3776798,-1.9174496,-0.067498624
1.1234303,9.9756775,5.562116,5.4716644,3.2408502,-1.4539692
-9.022138,-15.09572,7.664809,-4.481328,-0.71392775,2.3425992
5.4370914,-18.991236,5.0123653,6.5313315,0.8446491,-2.1252904
-1.4955142,-1.4709877,-31.76831,0.15698774,4.579064,-0.63528115
0.39601216,-2.609373,-1.2436695,-5.410274,-1.5292561,-1.1079242
-6.1154566,-33.147175,-13.222738,-4.5805907,0.3579565,2.993915
1.4482559,2.3012972,12.120245,2.0449638,-4.479954,-1.2592616
-3.7334015,-8.050652,-18.943977,0.41278005,8.090825,-2.7701924
1.7862421,-27.94458,3.8967116,6.6130323,0.42041564,5.7667036
3.5336008,-21.512074,3.394817,2.7882123,2.3080864,0.045966256
-0.2955136,0.30388847,-3.6412778,-2.3795555,2.9847524,0.13973132
-7.1007013,-50.42754,-13.219747,-8.653721,-2.160414,1.9311936
4.6839504,-4.4488554,12.170494,-2.0832946,-6.5580564,-1.5037532
-0.028115666,1.791626,-0.08554341,7.6110044,4.62671,-2.6451213
-18.163319,-32.82594,8.457432,1.9095086,3.2981172,4.5208807
-2.559722,-31.982468,-4.682754,10.516652,-6.6712155,-2.7917247
5.3342,-3.1369905,-6.3625154,-1.4709202,1.7671812,-0.25136364
0.2883351,-11.119447,-8.450851,-8.113731,-3.2170272,-0.32359633
5.009374,-12.260823,12.092129,-3.1002026,-1.5966021,-0.26877278
0.357727,19.323837,9.117252,4.778658,2.0903194,-1.6242429
-6.302695,-15.483357,2.2474587,-4.347247,-1.4214416,2.3036578
5.238487,-19.473389,15.458831,7.9208565,-1.2624686,0.06398625
-10.024731,2.7062824,-26.772097,-0.56930965,0.9700254,0.039857782
1.3411771,-5.038088,1.0612168,-4.82325,0.42896748,0.17256436
-17.641085,-35.0716,-20.411974,-6.5801992,-0.36039987,4.4303226
5.3826547,0.7316055,16.031313,0.8131904,-5.723181,-0.61588675
-3.3343983,-2.7302105,-1.2065809,6.4532957,6.27951,-0.9820897
-1.7940187,-14.456238,7.9686975,5.191438,4.1870527,-0.31321192
5.3359947,-22.37349,-22.45305,3.4946573,-3.1565533,1.1598462
-0.8243274,-0.40857446,0.3804588,-2.199661,1.7314465,0.4280512
0.94396853,-41.748177,-25.989044,-11.176672,-1.9828103,0.8252546
11.394023,-8.585447,3.7339997,-2.59381,-4.6914597,-1.264912
-1.4273187,6.799206,5.355137,6.1196203,6.883027,-2.9803238
-5.8821564,-12.583855,11.2343025,-1.2983558,2.4626307,3.6104128
5.1649075,-23.508286,5.203791,7.661399,-3.1961055,-3.4352522
3.1746774,0.73579293,-17.962322,-1.4671024,-4.7363567,0.64047337
0.87637126,-5.5340004,-5.2055855,-6.051969,-1.9374548,-0.8050967
-7.272386,-30.29134,-0.71246296,-6.689083,2.3929942,2.4490395
6.6681986,6.3517475,15.513865,2.7288074,-4.7117705,-1.7355697
-6.6759753,-14.379667,-25.983662,-0.74111044,5.052776,0.025808297
-3.2416766,-22.247868,4.2203407,4.638163,6.2579775,3.1684647
2.2863421,-26.400013,2.9946175,3.3576746,4.627321,-0.5128063
0.8985049,-0.36251262,-6.07418,-1.6152328,5.1531076,-0.06642964
-5.885147,-57.15795,-22.325634,-11.401311,-4.8928866,1.3405043
8.643474,0.4941179,11.42154,-2.2109616,-7.3420787,-2.2937315
-1.905285,-0.43609193,1.7407784,7.870767,6.2582827,-2.3073227
-1.5343975,-17.451454,14.958133,3.856126,5.037352,2.2540264
0.104087785,-36.274593,6.6305118,8.879123,-11.071607,-0.9350544
4.7485566,-0.381057,-15.386448,-3.611329,-3.419981,-1.5607147
-1.9639091,-11.443674,-7.185048,-8.215284,-0.99583375,0.31886226
1.6737795,-21.689741,10.093524,-4.1849146,0.96972,1.5387243
-0.59342,17.103897,13.477573,4.3020444,4.628695,-2.430714
-9.315259,-16.811373,-4.8496532,-3.670581,3.6339304,1.6050012
6.2691956,-15.720845,5.293522,6.7762814,-3.7507548,-1.1560284
-16.541582,-1.713261,-21.766312,-0.31901497,1.3070605,-0.015576605
1.6821543,-3.441477,2.1870399,-4.1400175,2.3868856,-0.58885676
-15.954145,-46.90052,-24.348167,-7.7247744,-0.46806172,2.8880858
5.5423756,0.50129634,20.453848,-0.13866232,-7.379493,-1.3829582
1.1527423,-2.1003,1.0277174,8.180314,5.2236605,-0.8956548
-15.39243,-33.665817,6.189036,3.7695384,3.95997,4.0818343
-0.36191443,-22.134207,-21.371496,4.9023547,-3.0004818,0.12430742
-2.672783,-2.0440688,0.7118647,-2.212489,0.6058078,-0.4164451
0.36131623,-25.536802,-13.296317,-8.486959,-2.3780284,-0.33581328
7.932805,-11.014761,6.3792653,-3.6831036,-3.122193,-0.4395046
3.2715867,13.317254,12.731013,5.4266143,4.7514753,-1.1651912
-10.900503,-18.865013,11.197812,-2.5634205,3.2422245,2.1862223
8.866604,-20.526829,-4.5338006,11.06672,-5.689737,-2.4357533
-10.718051,0.485743,-16.926826,-0.09239065,-8.518265,0.9176453
3.266203,-5.992824,-2.0003998,-6.3908367,0.26907822,-0.5712949
-8.728418,-27.965517,-4.0067816,-7.670867,2.3151112,3.8946095
4.006183,11.167901,13.323834,2.9917772,-1.708998,-2.0307617
-5.0979085,-14.708082,-27.312874,0.38086328,2.2047005,-0.12140589
5.460421,-12.440883,6.9619174,7.1994457,5.9433913,-2.4846213
-0.8847462,-14.7762785,3.4893336,3.9766157,3.562614,-0.883896
1.5738791,-4.246662,1.6977077,-4.3460255,3.464115,0.08979455
-4.2191443,-51.2405,-16.171293,-8.149924,-4.128564,2.803331
5.215157,-1.0085747,15.40559,-1.5145957,-6.5982194,-2.6489391
-0.28953153,-0.46181476,1.8951155,7.399193,5.699205,-1.5207043
7.115058,-7.670791,21.230318,3.5230615,3.201756,0.08933641
12.235699,-33.499516,-11.492129,6.49972,-7.947428,-3.1183753
8.946166,-1.817947,-32.41796,-2.5893815,-5.322923,0.6180247
-1.2490535,-4.5726843,0.19501504,-5.546035,-0.2391467,0.89886177
-5.695516,-21.55036,5.5387864,-5.4507427,2.9575696,4.4724708
6.532406,17.814564,10.70848,1.7619889,0.24082653,-1.9531841
-9.563514,-16.50928,-31.0379,0.70125264,6.749862,-0.26907822
-5.2145586,-14.632709,7.2358956,4.3498435,3.6684432,0.18523943
3.260819,-23.608187,2.984448,3.421661,4.468195,-0.09376506
-4.7629137,-1.3848461,-3.539583,-4.234393,2.4020042,1.3673816
1.2909278,-47.455654,-20.32643,-10.524135,-3.5649047,1.677692
10.539785,-4.0073795,5.791229,-2.6719987,-5.776935,-3.0436993
-0.75613195,-2.0961127,5.536393,7.797618,5.9846234,-1.5666705
-6.5294147,-19.694126,10.55833,1.1654966,0.75806147,2.8505187
5.588437,-21.885355,5.098507,7.6218467,-3.2776537,-3.6689014
6.031708,-1.9280169,-16.911274,-1.866902,-4.0212073,0.34940463
1.9411774,-5.00758,-0.6406783,-5.508926,-1.4335058,0.2970245
-9.040682,-33.35236,-7.3920274,-7.2128844,1.7790927,7.0473447
8.537591,6.1190457,15.28595,1.1129637,-4.957178,-1.9670808
-3.4331024,-6.6185474,-10.063614,6.480784,6.830952,0.27304873
4.272983,-11.973086,9.991829,5.91346,5.497778,-1.974411
7.6546397,-22.92025,2.7625136,3.9735615,4.0189166,0.22326468
-0.15792629,-1.861616,-6.213562,-4.4335294,2.4479704,0.22250111
3.4037902,-36.60899,-22.374687,-10.041412,-2.4750004,0.7574506
8.977871,-4.221537,9.863813,-2.372836,-4.9119754,-2.4711826
-1.052842,2.544767,5.3569317,6.1460395,6.3011947,-2.0652745
-3.5198421,-17.2026,8.578269,-0.49921492,-0.51005745,3.2648258
6.358328,-19.347765,6.1591253,6.329752,-1.3649383,-3.7967212
-0.27996024,1.2352947,-16.934605,-2.6275594,-8.927227,1.3075186
2.3401806,-8.130812,-1.8484555,-6.1651287,0.31993124,-0.48623443
-14.414962,-33.06761,0.8392825,-7.012374,3.7223506,5.522823
6.4067826,10.482358,12.764512,1.0998305,-4.2044616,-1.8930156
-0.11844472,-6.667002,-17.327026,6.1167192,5.5064826,-0.78814566
-0.9349955,-18.232113,8.262417,2.5400555,1.4503042,-0.34054735
6.229714,-25.90051,2.2785654,3.4233408,0.41736138,0.47814068
-2.3401806,-0.51505506,-1.2053844,-1.6378342,4.3025026,-0.15469708
-1.6851454,-23.511875,-16.500904,-9.777679,-2.3265646,1.0257653
8.586644,-9.369696,6.454639,-2.9607766,-4.08947,-0.32497075
2.856432,7.617551,9.962517,5.266725,4.6989427,-1.9791452
-7.4530444,-16.667805,11.473584,-0.5792359,-1.1259443,2.7694287
7.105487,-20.050657,5.5746784,7.142484,-0.5784724,-1.7728314
-7.72463,2.7505496,-17.975481,-0.21776704,-7.161115,0.9205468
2.5603201,-5.119444,-2.036292,-5.284745,0.74156857,-0.1565296
-20.61955,-47.566322,-16.456638,-7.622763,1.3354648,2.9626093
4.6169515,5.2947183,17.940786,-0.036956258,-7.0241327,-1.6903671
-2.1050856,-6.8596244,-23.290539,7.364527,5.9200263,-1.1771027
-14.834902,-32.600414,6.852446,6.25813,9.283504,0.84632885
-0.65922266,-24.732813,-24.70051,5.5081625,-4.0589275,-0.048409645
-1.8101703,-0.56111693,-0.73519474,-1.949519,-1.136634,-0.28648737
-2.5519454,-12.32184,-7.609176,-8.478254,-1.305686,0.84205294
5.297111,-15.276378,6.801,-5.2348084,-2.1753798,1.8633896
2.8002007,14.732011,15.040087,3.3512607,1.3133216,-1.3185138
-9.217153,-17.012371,-12.011372,-2.2973967,-0.78524417,0.5709895
-2.5603201,-12.379268,4.1557345,6.7179456,1.6393614,0.643833
1.3334004,-19.904097,2.9443684,4.0042567,5.118747,-0.6652127
0.14955142,-0.93978107,-11.22174,-3.3278959,2.7010138,0.3465031
-1.6211374,-38.72185,-19.3029,-10.386389,-2.7459111,0.7872294
8.912666,-7.8257265,5.075775,-3.451745,-4.2230926,-0.94788224
0.2835495,4.159922,9.541979,6.5817266,4.3481636,-1.235744
-4.208975,-13.883755,8.637491,-0.4850127,-3.5491753,2.2673123
4.4021955,-19.205992,5.371289,6.3586144,-2.4044476,-1.4463336
-12.799209,1.6390835,-10.535,0.882827,-4.591586,0.35719293
1.3459628,-4.2275195,0.7686943,-4.820959,1.4222051,0.2261662
-9.805787,-46.25147,-23.44308,-7.69805,-1.1789352,3.5733037
6.6364937,-0.40977088,12.187243,-0.326956,-3.6386645,-2.4064329
0.5383851,-2.5758736,3.866203,8.178786,4.8765464,-1.656465
-12.137593,-23.052454,8.396415,4.271197,6.148636,0.81089973
3.097509,-33.504303,-17.955742,7.612531,-5.329795,-2.9629147
2.6183462,2.777469,-26.933014,-3.041714,-10.381655,-0.28602922
-0.014356935,-7.8634133,-2.7493532,-6.8705044,0.08567133,0.01343864
-7.3459654,-26.46402,2.6309085,-5.658431,1.0578347,5.2128177
3.1591241,20.322842,17.96292,1.6488295,1.1315945,-1.8143691
-11.776277,-15.716059,-21.271595,-1.6618099,4.055873,-0.698962
-8.746365,-16.424932,11.112268,6.0899944,2.073063,-0.15316994
3.6167514,-26.91088,0.18903299,3.1400604,2.10162,-0.87167907
-1.2855439,-0.6358926,-5.4705906,-2.6072488,3.490534,0.49677154
-13.551751,-50.379086,-7.8873415,-11.438573,-7.390183,2.352831
9.454042,-4.2364926,13.540983,-1.8270441,-4.5431767,-1.209783
1.2598212,0.13100705,8.256434,8.335469,6.130463,-1.0283613
-4.482355,-18.541384,12.503097,4.5204225,4.630833,0.15423894
7.129415,-27.899117,5.083552,6.6107416,-3.99769,-2.1579707
-6.000601,2.3078775,-11.494522,-0.87335885,-9.772334,0.18569757
1.8005991,-4.807779,-1.43689,-5.7146287,1.7332791,0.54502845
-12.375679,-31.308887,-1.2628121,-7.268777,3.0629408,5.2288527
0.4211368,14.410176,14.785251,0.09361234,-3.4128036,-2.1914146
-3.6789649,-6.823732,-1.6791633,7.8037267,3.7264738,-0.22082129
-14.752948,-28.10729,5.718248,4.479801,6.5096464,0.12110047
-1.7216359,-27.561129,-26.846872,4.774077,-3.990207,-1.3828055
1.9525433,-3.7088752,-11.58844,-3.2078643,-1.2041327,-0.06474981
-0.90508515,-4.835296,-3.5132618,-6.657777,-0.5827483,0.07605048
-10.792827,-30.054451,4.2568316,-5.2103744,0.9651387,3.5157313
1.3567305,18.410976,18.361324,2.6388602,1.6111096,-1.9162278
-6.585646,-13.442878,-17.598015,-0.36345413,3.1548734,-0.8127323
2.3108685,-6.263213,11.436496,6.05426,5.415161,-1.3744063
4.966902,-25.497917,-6.0370917,2.6810086,0.41659784,0.3735331
2.7631118,-0.60598236,-1.9166509,-2.6197712,1.9134791,0.20219044
2.7038896,-46.154556,-22.71626,-9.861365,-0.5094466,-0.39231664
8.166105,-7.7611203,8.324032,-3.5511606,-5.107752,-2.201799
-1.7521443,6.8925257,10.00499,5.983096,5.1155405,-2.216001
-3.621537,-16.913668,-0.07597212,-2.7675962,-1.7971126,3.0169747
5.0015974,-13.470395,7.7964144,6.2318635,-0.39979953,-1.7256435
-1.7946169,-9.473185,-1.3208381,4.0757256,8.084258,-0.8582404
0.11784652,-2.800799,-0.60717875,-4.461323,2.970092,0.09513946
-7.043872,-49.139008,-17.625532,-8.4664955,-6.2013216,3.0032306
7.7754774,-7.3214393,11.955738,-1.9185185,-5.192354,-1.7674866
0.04426722,1.7958134,8.842078,6.53179,5.963091,-1.4052541
5.0213385,-9.662816,9.101101,1.5882028,-1.8925575,0.83808243
2.3712873,-21.774687,5.6153564,4.1992693,-4.13849,-0.11575556
-15.005391,-2.7361927,-3.4881372,1.5051277,-1.5622419,-0.39231664
0.72263247,-2.003989,-0.5353941,-4.390923,4.078322,-0.8866448
0.91166544,-44.455654,-35.550167,-7.4576817,-5.1689897,4.3596168
6.279963,1.2029916,9.165708,-2.2567751,-7.503037,-1.9466175
3.5294135,-0.4235296,5.9994044,6.9494567,4.83226,-1.2661337
-14.666208,-28.31128,8.761918,4.539206,2.9329832,2.735374
-9.007781,-27.834509,-34.817364,8.107623,-12.545276,-2.682841
-3.0502508,1.0755738,-25.733612,-2.642678,-8.898365,-1.4544274
0.12023934,-5.419145,-1.2077773,-5.83802,0.42469156,0.41781953
-16.003796,-29.9043,-1.0570294,-6.197656,1.5628527,5.8977304
6.6909304,5.8857455,13.225131,1.2557492,-1.5842323,-1.3542484
-8.919845,-11.324033,-24.976881,0.9022214,9.153088,-1.6683766
-18.887148,-30.020353,1.8622142,4.4118443,10.606905,-0.78005195
-1.4907285,-22.05704,-6.2464633,3.2842202,2.5534942,-1.6387504
-2.0380867,-1.4530416,-6.458228,-3.4361684,3.400892,0.98285323
-8.023134,-48.831528,-10.24487,-11.430021,-7.3541427,1.574917
6.8285174,-8.343773,7.8592257,-1.6378342,-4.397948,-0.6398625
1.8598214,4.1461635,5.941977,7.041084,4.4214654,-2.4325466
-2.7176483,-13.056437,12.684951,1.0472976,0.24800399,1.8404828
3.9481573,-14.917455,7.1503525,4.8353143,-0.15790401,-1.4849697
-8.362915,0.9631111,-15.183058,2.682994,-2.2269964,-0.55648184
0.506082,-4.671388,2.376671,-4.6534343,1.5613256,-0.09422319
-8.69791,-46.51348,-26.45385,-7.4265285,-2.984447,3.7487695
7.0133634,-0.62452674,10.868798,-0.6306998,-5.4757876,-2.05657
1.402194,-1.1138589,3.5730824,7.1290455,4.220191,-2.2349374
-8.968898,-18.284157,12.686148,2.7596552,1.7202986,2.2460854
4.4799623,-32.859436,-5.620142,7.256102,-3.2709343,-2.1211672
0.56829536,0.24885355,-16.178473,-0.24250636,-6.5495043,-0.5105156
-0.12263216,-4.0420756,-2.149353,-5.2187734,0.22280654,0.8098307
-14.892928,-31.82514,-11.030912,-6.871115,2.6825356,4.947252
4.35733,1.5020944,13.392629,0.062000997,-5.349495,-1.0434798
-1.6390835,-1.579263,0.6113662,6.855539,3.5494807,-1.7769547
-1.727618,-27.444479,7.0576305,5.1337132,2.3038104,0.714844
-0.6161518,-25.709085,-14.617155,4.6914597,-6.337235,-0.7149967
2.568695,-0.23389842,-19.069002,-3.654852,-4.321286,-0.5209
-4.465007,-8.367701,-1.8867407,-6.085108,-2.3789446,0.96116817
-8.137392,-23.879173,-2.0602202,-6.3299046,2.059777,4.6497693
3.8620157,9.516255,11.547762,0.91291124,-2.0796294,-1.2184876
-2.5968108,-5.122435,-17.384455,5.968283,3.322551,-1.397924
-2.6213372,-23.584259,12.518052,5.558252,1.6124841,-1.6091244
-7.157531,-28.155746,-10.454242,2.226691,-2.4972963,-0.4382829
-4.4165525,1.9082761,-21.969103,-1.5562861,-4.459185,-0.19287503
0.19381863,-8.714062,3.525824,-4.915946,-0.47462833,1.502837
-8.349754,-22.091736,-10.254441,-5.896814,-0.8603784,5.7587624
7.952546,-3.190829,11.374881,2.0307617,-7.2860336,-0.9345963
-6.7178497,2.3102703,-17.588444,0.7739435,8.217729,-2.2767804
-11.78824,-36.09812,8.953942,4.6471734,4.109475,0.0021379655
-18.887745,-13.724034,-23.564518,5.119358,-15.952276,-3.0322459
3.336193,-2.3288147,-7.9657063,-4.312429,1.533532,0.21364383
-2.012962,-16.604992,-6.9505515,-7.394917,-2.6941419,1.0891407
4.0642095,-8.500503,2.786442,-3.3656156,-2.4818723,1.245823
2.5369902,8.665607,8.358727,3.222372,0.40514445,-1.6402776
-7.252047,-10.707283,-6.506683,-2.3297715,1.9976232,-1.0763129
-6.7375903,-18.809978,3.3822548,3.0595813,6.149094,0.8753441
3.2063823,-19.600208,-5.313861,3.4876325,3.123873,-0.45279053
-1.1820544,-2.8522446,2.4101706,-2.6843684,3.213362,-0.14293826
-3.0580273,-34.574493,-15.443277,-8.854078,-1.2241379,-0.14568707
7.02772,-10.071989,0.14656039,-3.5441358,-3.0174327,-0.6250495
-0.060418773,14.293526,9.353543,3.8825452,4.88632,-1.8522416
-7.8963146,-13.651053,-7.585846,-2.5730414,-2.6164114,2.2630365
-15.981663,-30.7717,-1.1509477,6.0728908,-7.933226,1.209783
-0.035294134,-17.255241,-0.5796613,1.7112886,2.6536732,-0.3465031
1.2586247,0.043070808,0.24586253,-1.8820204,3.0142257,-0.014507622
-0.6681957,-38.217564,-21.230917,-9.0355,-0.1913479,-0.5349495
3.868596,-9.557532,0.5563313,-3.5678062,-3.4302127,-1.2044381
3.7226338,9.544372,8.575876,2.830361,0.96880376,-0.801737
-9.84826,-14.462818,-5.48076,-3.464573,-3.83551,3.040187
0.77407813,-17.566908,3.5539398,5.08118,0.5076141,0.18325418
1.4356936,-13.77548,-0.2638087,2.5275333,2.7236152,0.068873025
3.3463624,2.2731814,-11.949158,-2.0197666,2.8897657,0.03268033
3.2949169,-24.88356,-7.5661054,-5.5703163,-1.1267078,-0.36757734
3.3583267,-12.507882,1.3710874,-4.390312,-0.335966,0.5286883
5.4574304,0.9457632,11.045868,1.4302988,-5.7439494,-0.6737645
-9.393025,-10.588241,2.477768,-3.3807342,-1.3458493,-0.1951657
3.996612,-21.781267,8.369495,5.3169675,0.79165804,-0.76493347
-3.042474,-11.873186,-9.3308115,3.6084275,-1.4124316,-0.29656634
-0.5778667,-3.4713874,-4.5858445,-2.1323152,4.654656,1.5370444
4.3734818,-34.459637,-3.1262228,-4.747658,-1.1969552,-0.37933615
1.8239291,-10.910075,1.0319048,-2.900761,-1.2927055,-0.080020994
5.6207404,2.626123,10.164112,1.1453387,-6.6338015,-1.6540216
-8.738588,-5.7170515,3.9924245,-3.1254,-4.7285686,1.3490561
5.748158,-18.970896,6.2380886,5.9136124,5.856345,-3.7107444
-8.386245,-20.09014,-15.144175,3.1907606,0.31718245,-1.0288194
-3.2063823,0.8428718,-16.438093,-3.783435,-3.0435464,-0.20921518
5.2755756,-13.876576,-6.0598235,-6.1031275,-1.1822948,0.92497545
5.3922257,-23.216362,1.2424731,-5.195409,-2.8654845,-3.4563265
-2.981457,1.3214363,15.5850525,0.0151184695,-6.121911,-1.3892194
-4.1258245,-0.3786642,-1.3447664,-1.6346272,-3.165563,-0.39460734
-2.4281168,-38.5065,8.612367,0.96055734,-1.595533,2.286554
-17.82593,-14.348561,-8.367701,2.8886967,4.776673,-3.793056
3.033501,-0.42652065,0.4103691,-3.1548734,0.32542887,1.6602829
-0.99302137,-41.561535,-9.271589,-3.9639406,-1.7122048,0.6720847
-2.4999015,-1.7264216,12.047264,-0.29167956,-3.7603757,-2.128192
-1.9944177,1.8903298,-1.0348958,5.4657087,5.490295,-1.2615523
-10.779666,-30.300314,7.7886376,2.7266695,7.7062964,6.0698366
-1.0079765,-20.985054,-26.3372,3.9821134,-4.1383376,-2.144532
1.515255,-1.6588243,-24.911077,-4.5723443,-9.810513,0.25670856
1.975275,-14.391632,-1.5296118,-6.656861,-0.53815645,-0.37002072
7.4333034,-15.525829,4.0761733,-3.764499,-3.2184014,0.012980504
-1.7018951,17.19961,9.570692,2.706664,3.6120925,-3.1269271
-6.801,-10.17488,-8.007581,-1.41854,0.6956023,0.49005222
0.8033902,-25.518257,4.2502513,4.411081,-0.51815116,1.9794506
-0.50189453,-16.650455,-2.592025,3.44976,4.9232764,-0.95719767
0.45942193,1.3579268,-10.554741,-2.4626307,2.64054,0.13606623
-2.0697916,-29.242086,-15.200406,-8.73084,-2.0495453,0.67819315
5.6446686,-7.8496547,2.5968108,-2.892209,-4.072519,-0.4561502
1.7617157,12.848261,3.7507496,4.3148723,4.530654,-2.0765753
-9.166306,-12.204592,7.809575,-2.6768854,0.96880376,2.9407713
5.64766,-19.642681,3.3822548,5.7589154,-0.641695,-1.3832636
-10.683953,-2.672783,-11.003993,2.6749,-0.13133216,-0.40651885
0.7728817,-3.1316066,3.19382,-4.569596,4.7252088,-0.75806147
-8.650652,-49.755157,-14.443676,-7.499677,-4.0835137,1.2449067
2.7900312,-4.488337,11.535798,-1.3931899,-5.027884,-1.0932639
0.4749753,4.994419,0.83688974,6.347008,6.784986,-2.335269
-18.624535,-36.593437,10.490134,3.5319188,6.614712,4.631444
3.739982,-33.86502,-48.22136,8.634326,-9.58114,-1.6401249
3.970889,-2.012962,-21.920649,-3.9431717,-1.2386456,-0.020005248
-2.5788646,-5.13739,-3.3852458,-5.9812636,-3.5423033,-0.625813
-1.7449659,-20.621944,4.6115675,-4.4223814,0.7924216,1.4038798
5.3503513,10.01516,11.187044,1.8168125,-1.1322054,-1.3826528
-15.506089,-14.370694,-13.307085,-4.851807,0.43904647,1.0129374
1.797608,-21.914667,5.1649075,8.048218,-0.65910417,-2.1129208
-2.7026932,-9.242277,0.9020941,3.6374428,-1.2502517,0.13912046
2.8241289,-5.8241305,-0.695115,-4.0958834,1.8771336,-0.7554653
-22.728226,-42.52046,-11.43171,-8.223531,-3.5962105,3.2883434
1.5481563,-1.2346965,17.561523,-0.93749785,-7.52518,-1.1097567
-1.7377875,1.2335001,0.59700924,6.6619,4.894719,-1.7910042
-9.102896,-24.794428,11.172688,3.5152733,6.3360133,2.7891285
-4.039683,-29.879774,-0.994816,8.156338,-9.951618,-2.190193
3.3487554,-1.9507487,-9.655638,-2.797375,-0.78478605,-0.42606595
1.0845468,-18.026928,-3.3792639,-6.747113,-2.028013,0.4278985
7.859824,-16.171892,9.195019,-4.128564,-0.6203154,1.1803097
7.3417783,11.073983,11.6955185,1.475807,-2.490577,-1.2899567
-11.154142,-14.178072,-3.9290147,-3.619728,-6.4485617,3.9561522
1.6516458,-15.010177,2.5908287,6.679462,-0.35291702,-0.015882028
2.6703901,-14.592031,3.3487554,3.8952203,5.8508477,-0.54197425
2.6267211,-2.614757,-3.6340995,-4.1606336,4.324951,-0.2081462
0.40558344,-51.440304,-16.65883,-9.06986,-2.1219306,-0.021379653
5.285147,-6.1992054,8.664411,-2.453468,-3.5168004,-2.1782813
-1.1192428,7.999206,5.343173,6.2521744,4.549743,-2.335269
-2.5746772,-10.065409,14.2337055,0.6923954,3.4225771,3.2622297
2.713461,-20.662622,5.029115,5.37683,-2.8056214,-1.8430789
-9.233903,-1.1563315,-12.72204,2.0532103,-2.2992291,-0.49219018
0.17647067,-4.2203407,2.3682961,-4.2217183,1.9695243,-0.34512872
-14.839089,-42.014977,-18.760328,-5.6791997,-3.6175902,3.1102815
1.9531415,-1.698904,13.066008,-1.1512944,-5.5733705,-2.4175808
-1.082154,1.591227,0.23569304,6.4904046,5.5591683,-2.2699084
-17.145771,-25.752155,6.355337,0.14629792,4.314567,3.5687225
2.9096723,-26.581268,9.485747,7.371247,-2.417428,-1.0447016
-5.8211393,1.4907285,-16.727026,1.0966235,-5.3056664,-0.29687178
0.2117648,-3.6017964,1.9417756,-4.5271416,-0.81502295,-0.18753012
-13.992629,-31.806595,-17.71945,-7.3834634,0.7040015,4.706425
4.0366917,2.7218359,13.926228,-0.3208475,-5.5060244,-1.5025315
-1.5511472,-1.7156538,-0.58624154,6.284549,5.397752,-1.6468443
-19.529022,-35.43172,8.655437,4.8705907,8.952425,1.5465126
1.5768701,-31.119257,-42.285362,8.513226,-10.54979,-2.9820037
8.029715,-4.4051867,-25.618755,-3.680202,-2.1785867,-0.0645971
0.4444668,-15.54557,2.3072793,-5.7480726,-1.8065808,-0.14370182
3.5491543,-19.180267,10.118649,-4.8174467,1.9811304,2.4808035
6.1902323,7.804789,10.2520485,0.6453601,-1.8884343,-1.367687
-11.927025,-12.869199,-22.224537,-0.46714544,-0.24708772,0.8831324
1.5182459,-13.994423,4.727619,6.9854965,1.4109044,0.6229115
4.2855453,-20.117657,-2.8133612,3.598654,1.7109832,0.19989976
4.7156553,0.7680961,-9.003593,-2.727433,4.372903,-0.63955706
1.4009976,-37.164722,-21.39961,-9.091698,-0.86954105,0.07711947
3.6394832,-10.905888,4.5732822,-2.974979,-3.1021879,-2.645885
1.6378871,13.765908,11.1936245,2.9813929,-0.42560783,-1.6851748
-8.206185,-11.932408,3.9493537,-2.0752008,-3.5566583,3.1802235
1.5230316,-19.476978,4.752146,6.0206633,-0.7262974,-1.0677611
1.0043873,-12.216556,-2.0673988,3.5279484,4.061065,-0.3011477
-1.3609179,-1.2137593,-3.8464625,-4.341597,2.671846,0.76432264
-11.687144,-39.737007,-10.840085,-9.806236,-3.2202342,0.40117395
1.049851,-5.4406805,5.4586267,-1.3072132,-2.8324988,-1.5071129
1.9908284,10.887343,3.8015969,3.974325,4.2522607,-1.7074708
-3.3427732,-7.7425756,7.129415,-1.1595408,-2.3203032,2.0159488
-1.4153546,-22.426132,4.699504,3.4053206,-5.0492635,0.10445488
-2.7320054,-9.236894,-3.735196,3.8064947,9.078717,-0.49157932
-1.119841,-1.2765709,-5.7463636,-3.7418976,2.55945,0.5352549
-3.3290145,-49.43392,-15.6670065,-9.269301,-2.3850532,1.2879715
2.3276181,-5.7637115,5.81097,-1.3699777,-4.065799,-1.5428475
1.0947163,8.744571,1.6582261,3.591171,3.2351997,-2.3823042
-6.3385873,-6.5144596,6.750751,-1.0324845,0.11438115,1.1923739
1.4739788,-16.873587,4.5469613,3.918585,-1.0088142,0.03115321
-3.4354951,-7.579864,-4.9842496,3.5717766,5.4583783,-0.8561024
0.50488555,-1.0839486,-6.031708,-3.6492016,4.3222027,-0.062459134
-4.5098724,-57.03472,-16.015162,-8.854383,-3.2999496,1.600267
3.9577286,-4.9734817,10.973485,-1.5724735,-5.1222596,-1.6963228
-1.7300107,9.444471,2.800799,5.666219,5.8154187,-2.4337683
-2.3826532,-9.272188,8.206185,-1.0766183,-0.7574506,2.684063
1.416551,-21.320648,4.9657054,6.6533484,-3.665847,-0.29229042
-4.8496532,-5.4388857,-14.499907,3.320871,5.966909,-0.7122479
0.9708878,-1.3100704,-5.6321063,-4.399322,2.2889974,-0.007330167
-12.656836,-36.046677,-6.8721867,-8.964794,-4.738953,1.8665965
0.22851457,-6.6364937,5.378467,-0.74905145,-2.835553,-1.0970817
2.1655045,6.663413,2.0003998,6.691679,4.1791115,-1.4021999
-1.2550355,-9.422338,15.75913,0.3927748,-0.20112146,1.6952538
-1.4733806,-24.305695,5.9204416,6.568746,-8.036306,0.12980504
-10.172487,-3.2105699,-8.89113,2.5391393,-0.17897825,-0.50654507
0.6017949,-2.4825535,0.5072784,-3.9454625,3.2759738,0.13224843
-8.279166,-49.31787,-11.306087,-6.1298523,-3.3509552,2.4090288
2.7349963,-3.7806597,11.749955,-1.7595456,-5.6398,-1.3246223
-1.3980067,4.2568316,1.4829519,5.97317,5.488768,-1.9328735
-3.5330026,-11.675778,8.664411,1.2157388,1.2922474,2.3627572
2.9808588,-20.30011,8.2678,5.1253138,-1.5271182,-2.139798
-3.202195,-2.82712,-9.245269,3.4491491,-0.09590302,-0.44790375
-0.1896312,-1.9088743,2.7475586,-4.270128,1.747634,0.79593396
-16.000206,-39.68915,-7.1599236,-7.197308,-5.1925073,2.9077857
3.3852458,-5.2905307,10.194621,-0.38086328,-4.6937504,-0.6227588
-0.78065836,6.4761744,0.33020952,6.2727904,6.698551,-2.2969384
-24.476782,-27.565914,7.0002027,2.2103508,7.373537,2.6011403
3.6161532,-26.313871,2.664408,6.1185517,-3.751824,-3.8081746
-3.4253256,-0.951147,-13.374682,1.474738,-6.3630433,-0.31565532
-1.5918252,-4.2538404,3.0783663,-4.3550353,1.8633896,0.72980976
-9.208778,-29.312077,-12.259028,-7.2229633,1.5859122,5.2340446
5.293522,4.4572306,11.2552395,0.5308263,-4.743229,-1.5350592
-1.5840486,-2.1882362,-0.85184485,5.992259,4.414593,-0.68201095
-6.5694947,-16.671394,5.3102717,5.9409475,4.3354883,0.27976805
7.015756,-21.734009,-7.2323065,3.6763842,-2.744384,-1.2803359
1.3351951,-0.071186475,-16.26222,-2.8360112,-4.022124,0.32741413
-2.6650062,-16.497913,-1.3597214,-5.7683835,0.022448637,0.75180024
-4.77069,-16.838293,-0.1268196,-5.467694,1.5506358,3.176864
5.88096,5.189434,9.963116,2.7956953,-2.9143522,-1.0669974
-9.767502,-10.357931,-5.682954,-3.3992124,2.5342526,-1.1778662
-0.4139583,-15.614963,2.6027927,4.961912,2.095206,0.79654485
2.7523441,-17.089539,-1.2598212,3.1844995,2.5490656,-0.6954496
0.86201435,-1.0797613,-0.64606214,-3.0055213,3.3501918,0.51524967
-4.883751,-20.972492,-10.530214,-7.853358,-0.9136748,1.1664128
3.7016966,-7.1856465,0.7728817,-2.8157005,-0.8504521,0.36681378
3.9978085,4.289733,6.485746,3.614536,-2.0929155,-2.096275
-7.115058,-6.0550375,4.9214377,-0.90924615,3.193815,-0.45981526
-0.68255264,-18.298513,6.4588265,3.9645514,0.07101099,0.18982078
-2.8492537,-12.033505,-3.4325042,3.6696649,2.457133,-0.41949937
4.369892,-2.440679,-5.6410794,-3.5930035,3.5989594,-0.29580277
-13.902898,-39.041294,-9.427721,-9.023741,-3.8668158,1.1650385
-0.14476576,-6.50429,5.528617,-1.0242381,-1.8296403,-1.2962179
0.89013004,8.208578,2.2331018,5.815113,3.9694383,-1.8462858
-14.931811,-15.180067,10.243075,1.7432053,3.3921876,2.239366
0.025722843,-27.089146,4.7832522,6.18773,-5.9003263,0.27579755
-8.853444,-1.2317054,-16.101303,2.142394,-3.858264,-0.11102149
0.3822534,-3.033501,2.6662025,-4.763234,1.7406093,-0.6603259
-15.662221,-30.601809,-22.240688,-7.174248,-4.1922445,3.5320716
1.3657036,-0.8650054,10.5685,-0.20264858,-3.453425,-1.5341429
-0.08135597,0.8847462,0.6903293,6.6225004,4.0280795,-1.1027321
-11.120644,-32.29473,5.2223353,4.6380105,1.7943639,1.6738743
-4.7306104,-30.570105,-10.231112,7.966059,-11.090543,0.39262208
-2.3018954,-0.61675006,-18.733408,-1.1343434,-5.854055,-0.54793
-1.2831511,-6.0975103,0.07956135,-5.2755823,-0.13499725,-0.21654536
-9.664611,-22.668406,-10.27478,-6.816292,3.5453575,4.5589056
6.1645093,2.8731818,13.549358,0.9352071,-5.175709,-1.28507
-4.788636,-7.5529447,-32.187653,0.9695673,6.01822,-1.9150062
-4.878367,-19.464417,4.4111686,3.7492278,0.15286453,0.12155861
3.039483,-17.447266,-0.3786642,4.098938,4.3047934,-1.0796726
-0.17467605,-3.5114672,-2.0721843,-2.9645944,4.866315,0.9190197
-4.221537,-33.117863,-16.484156,-9.38124,-2.545706,1.2004676
4.323232,-6.4360948,3.1980073,-1.9820466,-2.316791,-0.012369657
4.3274198,6.678966,5.4783673,3.751824,-0.05390727,-2.5516617
-5.1870413,-5.0769715,12.177672,0.508683,0.51387525,1.063485
1.134198,-23.758335,7.7682986,5.9904265,-6.2488146,-0.48959407
-7.722835,-4.2352962,-12.32184,3.0632463,-1.4144168,-0.5621322
-1.1736795,-4.321438,4.0217366,-4.7279577,2.6095395,-0.10521844
-13.406387,-35.977882,-18.133408,-6.7868185,-1.5744588,3.7666368
4.964509,-1.1102697,12.899109,-0.39002597,-5.4672356,-1.5184135
-0.86141616,0.60777694,0.093918286,6.728177,4.3809967,-1.9281393
-16.54278,-27.608986,6.800402,2.337407,4.08443,3.6064422
-1.8903298,-33.55455,-11.847463,7.634827,-9.012746,-0.733933
0.35653058,-1.8251255,-24.712475,-1.2496408,-4.4509387,-0.907719
-3.6317065,-10.355538,0.85244304,-5.888415,-1.251626,0.14813046
-5.92762,-18.0359,-2.5866413,-5.5860453,2.2007298,4.5494375
8.0345,2.6632116,8.220542,2.4989762,-4.374583,-1.413806
-7.5523467,-9.043075,-5.4430733,-1.4380871,0.24220094,-2.2216516
-8.289336,-26.843283,2.5369902,0.8330429,-5.5959716,2.003579
-2.3838496,-18.580866,-0.20757736,4.4277263,2.6997921,-1.2307045
-5.4035916,-1.2783655,-1.0307083,-3.2014506,1.7085397,-0.3052709
-8.834301,-38.270805,-15.817754,-9.199207,0.20478654,2.1039107
4.066602,-8.52443,2.2390838,-2.730029,-2.4044476,-0.36788276
1.4380864,9.70828,3.153142,4.9829865,2.6324463,-2.1541529
-2.6626134,-5.2193446,11.816955,-0.42316443,-0.03283304,1.1470184
0.46959144,-22.038494,4.7431726,5.659347,-4.3609915,-0.1421747
-12.68196,-7.1168528,-11.925828,3.6586697,-3.2266479,-0.49157932
0.8003992,-2.934797,3.4325042,-3.7281535,2.4255219,0.29549736
-14.51546,-41.944386,-16.127625,-7.2817574,-5.2665725,3.9895961
2.2271197,-0.68195444,9.667004,0.059404895,-2.8920565,-1.0598199
0.41156548,0.77587277,0.49292147,7.064754,4.5240874,-0.8945858
-10.150951,-17.536997,7.3621173,2.7204082,5.6982884,1.7494665
-2.1906292,-29.740992,-13.336995,7.6887345,-9.283198,-2.5496764
-6.1208405,-1.0211371,-15.470197,0.4457658,-4.7317758,0.3721587
0.25184458,-3.1459637,0.74416786,-4.6410646,1.6841059,-0.52196896
-12.209377,-29.332417,-9.210572,-7.333069,0.88252157,2.964289
1.7904296,3.9074793,9.942178,0.7791357,-3.0311768,-0.76859856
0.39960137,-3.2817562,-18.403198,5.3873672,3.7683167,-0.9359707
-16.028322,-32.045876,4.892724,4.1757517,5.8726854,0.712706
1.9100707,-26.789444,-17.093128,5.121038,-5.251912,-1.3925791
4.1024942,-4.4662037,-25.303501,-2.2619674,-2.8671644,0.13545538
-2.1912274,-2.9252257,2.0434706,-5.391338,-1.4823736,-0.26663482
-11.557333,-23.492733,-5.1493545,-5.6767564,3.3173587,3.0991335
2.3204398,2.0374885,11.12184,0.8985563,-3.9182796,-0.6722374
-0.47976094,-7.688139,-33.873394,4.5054564,5.6405635,-1.5472761
-0.84347,-14.185849,4.7491546,4.3237295,4.927094,-0.57496
-0.31046873,-19.15634,-6.1944194,4.0210547,-2.4549952,-0.8092199
0.67836523,-2.1708884,-3.4337006,-3.4095967,1.9748691,0.42942563
-8.613564,-24.712475,-8.429316,-7.065365,-0.17500775,0.88557583
3.3583267,-13.642678,0.9924232,-3.0998971,1.7870337,2.2121832
4.511069,10.50509,4.6546383,3.1600657,0.31870955,-1.4341166
-8.637491,-10.464412,-0.41156548,-1.0483667,4.1963677,-0.65452284
-7.1784678,-22.557138,3.8267217,4.1879687,-7.0983505,0.14950487
-8.799605,-6.1208405,-7.8520474,4.2846355,2.984447,-0.9738432
1.8370895,-1.8843478,-3.8793638,-3.286053,3.6740935,0.51524967
-12.081362,-45.21418,-11.700903,-9.7056,-4.1930084,2.1695766
2.9856443,-5.13081,2.71047,-1.1224319,-1.4362546,-0.38315395
1.7413766,9.215957,1.0109676,5.0561357,4.211639,-2.6471066
-14.408381,-16.031912,7.9477606,0.85472804,2.0356486,2.4241474
-0.9696914,-22.823938,4.8849473,6.4175615,-4.589601,0.14797775
-1.4961123,-1.6546369,-15.228521,2.3287024,0.07650862,-1.057682
1.8658035,-2.3623142,2.92044,-3.692877,2.279071,-0.9228375
-17.861225,-25.205994,-7.1677003,-6.7177925,-5.21633,3.756558
2.2642083,-2.3389843,6.296713,0.24754585,-2.435448,-1.4179292
0.4354937,0.9738788,-0.6095716,7.047803,4.436431,-2.7204082
-8.566305,-26.833712,8.335398,3.1342573,1.9400508,2.8813665
-1.3866407,-29.726036,1.6791633,5.516409,-2.4780545,-0.21288027
-5.0542397,0.37268212,-20.435303,0.09880454,-5.0397954,-0.26052636
-1.5032908,-6.343373,-0.0041874396,-5.27207,0.024739314,0.22021043
-14.11885,-25.371098,-14.356338,-6.6941223,0.100331664,3.426395
4.892724,2.2342982,13.7425785,-0.21501824,-5.505566,-0.55006796
-1.3369896,-1.0683953,-0.56829536,6.469636,3.9460733,-2.1272755
-14.761323,-28.120451,3.109473,2.0026627,5.415772,2.266396
-8.732606,-26.21457,-39.78726,7.9356694,-8.656164,-0.9022214
-0.80817586,-6.0191455,-11.516655,1.8378867,-2.2408931,-0.56045234
-1.8263218,-4.336991,0.8997013,-5.3852296,-0.8289197,-0.16172181
-15.481563,-23.0369,-17.96591,-6.77002,-2.29984,4.2179003
3.868596,2.8061829,9.862617,0.3854446,-4.1710176,-0.5209
-2.7816563,-1.8394824,-0.53599226,6.380758,4.050528,-1.6398195
-11.687742,-25.846073,7.118049,4.38176,4.8733397,0.9315421
-0.24825534,-24.733412,-7.7347994,4.8403535,-2.264869,0.17775655
1.9495523,-1.7150556,-14.090137,-1.8169652,-0.5173876,-0.14370182
-3.5635111,-6.3768725,-0.45762733,-5.8108373,-2.4149847,-0.21517095
-10.904691,-19.811375,-2.597409,-5.739063,4.50057,2.4201767
4.028317,2.32702,11.980863,0.22555535,-3.453425,-0.7379035
-1.6630118,-5.9491553,-41.404205,4.55463,4.7647614,-1.4202199
-12.223735,-25.386652,5.869594,4.01571,2.2454746,0.99216866
3.1944182,-19.998014,-7.14437,3.5528405,0.6920899,-0.72950435
-2.091327,-2.3772693,-2.1511476,-2.1811829,3.5317662,0.19669282
-3.1190443,-10.328021,-2.7332017,-6.7232904,-1.5481924,-0.5508315
0.96490574,-13.55534,0.07836494,-4.650991,-1.4306043,0.07788303
3.5880375,5.465207,10.846665,2.0981076,-3.003536,-1.9148535
-9.698111,-11.481959,-2.8474588,-1.4730582,1.026987,0.31168482
-0.4552345,-13.430914,7.0079794,4.528363,0.9941539,0.65864605
-0.15074782,-13.669,-8.323434,4.5318756,0.7550072,-0.89382225
-0.5401797,-2.175674,-5.5800624,-3.1279962,2.9739099,0.8203679
-5.2977095,-41.922253,-19.716858,-9.7366,0.6221479,-0.2754921
3.9535413,-9.7609215,3.1387851,-3.0524037,-2.7399554,-0.9063446
0.8847462,10.353744,6.3421764,3.58323,2.1788921,-2.8999975
-2.036292,-5.5459647,12.945768,0.1809635,-1.0083561,1.996707
-2.992823,-25.016363,5.151747,4.5880737,-7.302679,0.87030464
-7.518847,-8.647661,-3.2871401,3.3964634,-2.8321934,-0.34115818
-1.4877375,-2.571686,-1.896312,-3.75442,2.9897919,-0.20921518
-11.724831,-40.481174,-9.0341015,-7.311078,-3.2687964,2.0432842
2.3431716,-2.856432,7.5236325,-1.5155121,-4.2660046,-0.7985301
0.5802595,5.8127646,4.085745,6.86745,4.748574,-2.066649
-9.369097,-16.98605,11.456237,2.2656324,3.5542147,2.636875
-0.9553344,-29.474789,-2.3162522,7.6745324,-6.6820583,-0.10323319
-6.146563,-1.4715859,-14.380864,1.8291821,-2.1529312,-0.06688777
0.7369894,-4.05404,1.1018949,-4.4159675,1.7276287,-0.5079195
-18.036499,-30.640692,-19.457237,-6.502011,-2.871593,3.3970742
1.6588243,-0.55692947,10.676176,-0.4304946,-3.918585,-0.54625016
-0.44865423,2.5902305,0.80877405,6.3755655,4.5850196,-2.24746
-15.533607,-24.150759,6.3361945,3.0986755,8.123963,1.6243956
-2.2624137,-31.42135,-42.93382,8.05448,-8.933335,-0.5599942
0.054436713,-1.5158532,-23.839094,-1.5620892,-3.0531673,0.21257484
-2.0195422,-3.0203404,0.5455636,-5.0895796,-1.2581927,-0.9466605
-9.004191,-22.509283,-2.5968108,-6.65457,3.3970742,3.1591494
5.0805607,4.5894337,11.995818,0.22387552,-5.24504,-1.0932639
-3.9667017,-3.8273199,-7.2065835,6.4684143,5.324603,-0.9784246
-4.9902315,-17.477776,10.10489,4.096494,3.4143307,0.8516738
3.8650067,-23.398216,-7.0935225,3.6646254,-0.62795097,-0.4162924
-0.5246264,0.04366901,-6.4241304,-2.4633942,0.84632885,0.29274854
-1.3495519,-15.790834,-0.651446,-6.0348654,-0.95185274,-0.52227443
1.0366904,-14.62553,1.5732809,-4.28601,0.88603395,0.99552834
7.201798,5.532206,9.422338,1.8452169,-1.1409099,-2.243642
-8.572288,-11.037493,-12.347563,-1.2791141,2.0365648,-0.28053162
-0.46839502,-11.091929,8.549556,1.8876708,1.8033738,0.4613424
3.173481,-21.077776,-3.5491543,4.1264257,0.326956,-0.5131117
1.9441684,-1.9142581,2.7098715,-2.48905,3.7069266,0.2055501
-4.180261,-37.896927,-15.039489,-9.317406,-0.5347968,0.4833329
5.2169514,-10.175478,1.006182,-2.9190865,-1.4672551,-1.0999832
3.391228,8.611171,7.268199,2.7744682,1.7442744,-2.4520936
-8.236095,-10.619946,1.881955,-1.4121262,-1.8044428,1.8830894
2.4987051,-14.765511,5.95095,4.3629766,1.0459232,0.24372806
-3.1058838,-12.771691,-4.226323,3.8683429,0.7785248,-0.7033906
3.6526437,-3.2638102,-2.992823,-3.3588963,4.4507856,-0.38071054
-10.182656,-41.167915,-15.457634,-10.568421,-2.9036624,1.5130687
3.461816,-6.515656,2.973082,-1.6271443,-2.1437685,-1.0782981
2.1858435,9.298509,5.7320065,4.67008,2.5757902,-1.6338637
-9.410374,-9.2691965,7.9256268,-0.83136314,-1.0944855,1.3505833
1.0456635,-19.8365,3.8063827,6.0008106,-0.75714517,-0.35841462
-5.6817575,-10.959127,-5.8067822,3.8767421,0.9110787,-0.61558133
1.1587243,-1.6043876,-4.8735814,-3.3721824,3.5468845,-0.13331741
-9.641879,-45.27639,-10.4051895,-10.336758,-3.85353,1.8910304
2.4263222,-7.129415,4.6492543,-2.158276,-2.106354,-0.5207473
4.551149,5.133801,5.7140603,4.4943085,0.11682454,-1.7641269
-11.342578,-11.522039,6.8368926,-0.62077355,-2.0726047,0.7475243
-3.3397822,-17.608782,5.3018966,6.0327277,-1.813911,0.42209545
-4.95733,-8.879765,-2.8791637,3.7402177,-1.6995298,-1.1461022
0.04366901,-3.9661036,-2.4592235,-4.2362256,4.083667,-0.45217967
-9.795618,-35.659637,-10.832308,-8.411825,-6.226366,3.0459898
2.4323041,-1.6115661,5.6745787,-1.2523896,-2.687728,-1.0178243
1.5583258,1.9824536,4.5224347,7.03299,5.1543293,-1.7461069
-13.945969,-22.01038,7.1072817,2.3480968,3.3839412,2.1594977
4.7007003,-30.516863,-18.95953,7.2251015,-5.7222643,-1.0833377
-10.307083,0.24526432,-19.9035,1.07784,-5.350411,0.012064233
-1.4350954,-4.2352962,2.8354948,-5.474566,0.882827,-0.6497888
-13.403396,-28.30111,-3.9290147,-7.0740695,3.9521818,4.2670736
2.1188445,7.004988,12.168101,0.42850935,-3.6999018,-1.3281347
-2.30369,-4.968098,-23.162523,6.242859,4.2719603,-0.9321529
-12.571292,-19.09951,6.364908,2.8977067,9.624356,-0.028709821
3.1944182,-28.961529,-9.623335,4.693292,-2.407807,-1.0340117
-1.7796619,-1.5409778,-9.897313,-3.3243835,-0.46836713,0.41980478
-3.8656049,-8.099705,-2.289333,-6.213233,-0.7154549,0.49035764
-3.711268,-18.760925,2.243271,-5.409969,0.7543964,2.1071177
5.1738806,3.7489548,13.724632,1.1911521,-3.3085015,-1.3446275
-12.037692,-14.119449,-16.562521,-0.87824565,4.051597,-0.38742986
-4.314259,-16.303497,3.5772698,4.8559303,-2.4559114,1.0453124
-0.71306115,-15.247066,-5.8271213,3.3969216,1.2795722,-0.9976663
-2.1224337,-2.885146,-3.839284,-2.8215034,3.267422,0.63512844
-4.2598224,-27.306293,-14.328222,-8.444963,-0.70216894,1.4759597
3.025126,-9.316455,0.44685963,-3.2472641,-0.7637118,-0.05482354
5.8019967,6.4719872,9.560523,4.8001904,0.99904066,-1.3018682
-4.800002,-8.679366,9.305089,1.6770811,-1.4330477,1.2910256
0.68853474,-18.270397,8.60459,5.302307,-4.9121284,0.8596148
-3.022135,-7.8317084,-5.748158,3.7745779,-0.54166883,-1.141979
0.2015953,-4.1425743,-1.9776679,-4.214388,3.5861316,0.63176876
-8.313862,-46.12046,-10.628919,-8.447407,-2.1353693,0.76951486
1.7455641,-0.9912268,6.058627,-1.0069817,-3.1194441,-0.37780902
3.315854,2.251646,5.0333023,5.9612584,2.282278,-1.4012836
-3.048456,-10.131809,14.2851515,3.174726,3.1936622,0.7664606
1.9262222,-28.037302,2.376073,7.6045904,-7.0574236,-0.14492351
-4.308277,0.5377869,-11.702698,1.197566,-2.8697605,-0.2715216
0.50368917,-4.305286,1.2897314,-4.3312125,2.2218041,-0.14935215
-11.560923,-32.039295,-25.635506,-7.0241327,-3.8272636,3.5589488
1.6875381,3.054438,9.443872,-0.6476508,-5.0840816,-0.6111527
-1.5906289,-0.64247286,1.1312069,6.4508524,4.7010803,-0.6447493
-18.099909,-27.745975,6.350551,3.141893,7.255949,0.4471402
0.9732806,-24.83032,-13.709079,4.942976,-3.0055213,-0.7464554
-0.3696911,-0.5347959,-23.613571,-2.1877494,-5.0397954,0.11163234
1.8323039,-3.5084763,1.6205392,-5.059495,1.030652,-1.2394091
-9.595817,-26.254648,-6.2841506,-6.044181,1.7273233,3.3921876
2.6129622,0.29072794,15.408582,-0.068873025,-6.880278,-0.32497075
-7.937591,-6.3385873,-39.73641,3.6994438,7.233348,-1.8936265
-8.218149,-24.372694,9.7704935,3.744341,1.7112886,1.3139324
6.4013987,-21.313469,-0.22911277,3.4442623,0.5464029,-0.31596074
-3.9110687,-0.6622137,-2.818147,-2.5156217,2.6631413,0.5856498
-0.9726824,-16.19881,-3.3326037,-6.3395257,-1.5837742,-0.20875706
3.8967116,-13.503895,5.3216376,-4.218511,-1.0535588,0.33917293
7.548757,8.702696,10.660025,2.7017775,-1.2424634,-1.8953063
-13.2311125,-14.341981,-1.4027922,-3.3839412,-3.0322459,2.1645372
0.8596215,-11.3371935,4.9178486,4.5946403,2.0351903,1.1945118
2.766103,-18.926628,2.6703901,3.9114077,2.4210932,-0.609931
-0.7639086,-2.3186452,-6.3798633,-3.7617502,3.3964634,0.83075225
-9.005986,-45.718468,-12.587443,-9.640239,-2.5825095,-0.1201842
-0.43429732,-5.512465,6.812366,-1.5530791,-3.503209,-1.281863
2.9724839,5.9294147,4.3704906,6.2393465,2.633057,-3.0122406
-1.2496517,-8.263015,13.314861,0.5001312,0.7692094,2.59381
2.9766715,-20.764317,11.51845,6.2610316,-4.954582,0.2547233
-8.672786,-4.5188456,-12.068201,3.3033092,-0.263886,-0.31336465
-1.3417753,-2.4801607,1.0857433,-4.19423,2.1255958,0.055128966
-15.2357,-32.276188,-17.066807,-7.4558487,-6.0157766,2.9583333
2.0404794,-2.7038896,10.984252,-0.7884511,-4.5909753,-0.9281824
0.590429,2.4538395,0.6472585,7.403927,3.4723613,-3.0163639
-19.61935,-35.42574,5.852246,3.1359372,7.4950957,1.7998614
1.0636097,-37.26582,-7.335796,8.743973,-9.271745,-0.6723901
-3.0275187,1.9076779,-22.823341,-0.2893889,-6.638688,0.39628717
-1.105484,-4.5673003,0.06281159,-4.834856,-0.09804098,0.4446968
-15.889539,-49.191647,-12.375679,-5.2086945,4.428337,2.5292132
2.6099713,1.6965113,17.481363,-0.89397496,-4.422992,-1.3716575
-3.5850465,-5.892924,-25.272993,4.1223025,7.5112834,-2.2995346
-9.363713,-15.337395,-1.1186446,4.8944135,-3.5458157,-0.36391225
5.6985073,-20.134407,-18.387047,4.5173683,1.3576081,-0.15927842
-3.8727834,-2.388037,-2.2372892,-2.6385548,3.247875,0.14599249
-1.6474584,-18.802801,-6.2213387,-6.964575,-1.410599,0.006872032
3.1250265,-14.1009035,4.0103707,-4.509122,-1.1908467,0.22387552
3.7591243,13.054044,10.584651,3.0166693,-0.2301367,-0.3115321
-10.12822,-16.37588,-12.798012,-2.0174758,1.9040109,0.48226392
2.1816561,-6.398408,6.77767,4.733761,3.7593067,0.27228516
0.8781659,-16.827526,-1.1886346,4.730096,3.0180435,-0.73240584
2.5669005,-2.6303103,-2.4735804,-3.1971745,3.1082964,0.55678725
-3.8063827,-42.964924,-18.504894,-10.279643,-1.5089455,-0.08597675
1.0695918,-5.9264235,7.8221374,-1.5678922,-3.4508288,-1.934706
2.1385853,7.9800634,6.5605216,4.026858,2.6996396,-2.4947002
-4.4147577,-9.005388,9.757333,0.2832804,0.6227588,2.8150897
3.9373896,-19.110876,5.1032925,4.7487264,-0.72935164,-0.17760384
-6.926025,-6.2727847,-8.275578,3.221303,0.8179245,-0.76814044
1.8568304,-1.160519,-2.0715861,-3.5584908,4.693598,-0.21181129
-11.318649,-45.01976,-9.819546,-8.858202,-5.83802,1.0486721
2.4783661,-6.3834524,8.073982,-0.801737,-3.3051417,-0.84709245
1.1282159,5.575277,2.0614166,4.1478057,2.6619196,-3.5151205
-7.9591265,-8.133802,8.575278,1.139841,1.5877447,2.0742846
2.725425,-24.159733,5.352146,7.4240847,-3.187859,0.51876205
-5.6057854,-4.17727,-9.316455,2.8703713,-2.5751793,-0.08078455
2.228316,-3.3122647,0.8452646,-4.313803,1.854685,-0.03451287
-14.9605255,-29.41796,-7.4979095,-7.200515,-5.10821,2.1555274
-0.0035892338,-3.4019957,7.3549385,-0.9449807,-3.239934,-0.49157932
1.6821543,2.3503501,0.5276174,6.1185517,4.6671786,-2.5751793
-18.21955,-24.409184,5.343173,3.2932303,6.3321953,3.622477
-0.3481557,-32.76193,3.3457642,7.374148,-8.789481,-0.013591352
-10.503893,-2.0321047,-12.951153,2.749729,-2.7691233,-0.7547018
-0.8428718,-5.1206403,-1.669592,-4.357021,1.2311627,0.30282754
-13.696517,-34.490147,-22.074986,-6.518046,0.2793099,3.0934832
5.227121,1.2227324,14.473586,-1.2273449,-7.497692,-0.25899923
-2.2576282,-1.5170496,0.04366901,7.407745,3.4102075,-1.4423631
-11.344372,-28.260431,6.863812,3.8249729,3.3475957,1.006829
1.1006985,-22.38665,-31.057043,4.337779,-1.9533368,-0.48058408
-0.5306084,0.67776704,-16.310675,-4.441623,-6.068004,0.45828816
0.5383851,-11.540584,2.056631,-5.794039,0.281906,-0.21257484
2.8552356,-16.234703,4.2107697,-4.241418,0.9477295,1.0662339
7.759924,4.342375,12.35175,1.1259443,-5.1706696,-1.3259966
-12.132209,-12.110075,-34.8724,1.0558494,5.2364883,-1.1807678
0.30388847,-12.829119,5.1140604,4.398864,1.4809992,0.035429142
8.748757,-23.458635,-3.6000016,3.065537,-0.25029466,0.12446013
-2.7667012,-2.3341985,-2.4532413,-2.587549,2.1452956,0.5431959
-1.9567307,-15.366109,-5.5483575,-6.7202363,-2.530282,0.03603999
2.5262225,-12.162119,1.3328022,-4.2569947,-0.7421794,-0.008246438
3.2913275,6.430113,12.665211,2.5956428,-2.4606454,-1.2771289
-8.600403,-11.703296,-9.702896,-1.597671,1.1404518,0.13041589
4.161717,-12.223136,5.1852465,4.8569994,1.6285188,-0.080020994
0.33918262,-14.970695,0.2656033,3.9824188,2.7182703,-1.09586
4.2646084,-1.9770697,-3.8901315,-3.6212552,4.1149726,0.06658235
-12.477972,-50.306107,-16.197615,-11.331064,-4.645341,2.0758116
4.450052,-6.3768725,8.89472,-1.5039059,-3.3236198,-1.5248275
1.2969099,3.434897,2.69372,7.580309,3.9549305,-2.9592495
-4.5631127,-11.9820595,10.775478,3.6901283,2.6663482,1.674027
3.3062828,-26.976683,5.7744794,7.7230945,-6.4926953,-0.054976255
-8.443673,0.60059845,-19.335802,0.9000834,-4.528363,-0.96819293
1.5020944,-4.331009,1.3477573,-4.671149,2.5719724,0.4384356
-13.585251,-34.82215,-16.015162,-6.9690037,1.4284663,4.5639453
3.7615173,0.67477596,13.761722,-0.19363858,-5.612312,-1.4829844
-0.997807,-0.30209386,-0.33260235,7.109651,4.4123025,-1.2079505
-10.848459,-32.758938,5.0416775,2.6532152,8.641046,1.202911
-1.2765709,-27.141787,-35.784065,5.9791255,-5.8853607,-1.3466128
1.881955,-1.2221341,-25.517061,-2.6923094,-7.5864177,0.18462859
-1.1335998,-4.4548373,-0.8913264,-5.4811325,-0.17378604,0.37567106
-4.6767716,-21.071795,4.0701914,-5.5658875,3.4668636,2.6539786
5.541777,5.211568,12.160325,0.37002072,-3.8173373,-1.4660335
-3.8398821,-10.052248,-46.08038,2.865332,2.4578967,-1.4892457
-7.8287177,-21.331415,8.408379,4.867231,2.3462644,0.26098448
2.7296124,-23.11706,-4.87418,3.503209,2.2795293,-1.0248489
-2.425724,-1.2017952,-2.452045,-3.1157792,2.1865277,0.97185796
-5.947959,-30.795029,-15.510277,-8.684263,-1.1893196,1.0995251
5.4753766,-10.736595,2.0321047,-2.9358847,-2.6377912,0.8800782
6.125626,8.852247,6.372685,2.8456318,0.057572354,-2.5214248
-10.310075,-9.564711,4.41057,-1.23101,1.2488772,0.35337514
1.9567307,-16.511673,5.3180485,5.51534,1.4266337,-0.41308546
-2.8079774,-11.139188,-2.3928227,4.1693377,0.1927223,-0.94391173
-0.7292127,-3.382853,-2.2073789,-4.4323077,3.1547208,0.32359633
-12.431312,-40.207794,-13.534403,-8.116633,-5.1456246,3.2297022
2.3162522,-2.7625136,11.102697,-1.1934428,-4.79454,-1.3748645
-1.6809579,1.3196417,2.039283,6.482158,5.1164565,-1.928292
-22.43989,-33.000015,4.764708,0.9965973,6.5345387,3.6353047
3.94397,-31.024141,-51.2411,4.9332023,-3.185263,-0.8255601
1.5218352,-0.68075806,-20.783459,-3.1887753,-2.8868642,0.8605311
-0.22851457,-6.841678,0.8781659,-5.5467987,-1.8733158,-0.54563934
-6.8225355,-21.556341,-0.28893334,-6.3931274,3.1860266,3.8790329
4.9028935,2.5064816,13.347165,0.9243646,-5.0503325,-2.117044
-3.7328033,-7.9950185,-27.987051,0.9822424,3.899038,-1.8910304
-4.9381876,-19.328623,7.0265236,3.8083272,4.7673573,0.66643435
4.90409,-22.602602,-6.736394,3.6753151,0.9852966,-0.040926766
0.14117654,-0.99900347,-1.5146568,-2.515469,1.3971604,0.13835691
-4.9956155,-22.31965,-12.882957,-8.497343,-1.4568707,0.84617615
3.8350966,-13.004992,3.6807594,-3.3926456,-1.373032,0.23731416
6.0747786,9.142975,10.652248,1.6650169,-1.9522679,-1.5430002
-8.504091,-10.370493,-3.2452657,-0.768904,3.3010185,-0.8168555
3.3074791,-9.628718,4.674379,5.3317804,-0.054365408,0.22204298
2.4029922,-13.968102,1.1515459,4.368169,1.5805672,-1.4014363
-1.0295119,-4.8358946,-3.1429725,-4.3680162,3.196411,1.4023526
-9.400204,-47.89414,-12.566506,-10.025378,-3.2524562,0.5635066
5.000401,-6.35773,8.572288,-1.2386456,-4.7620125,-2.0153377
-2.3694925,9.972687,4.13061,4.936562,6.979999,-2.7240734
-5.648856,-9.094521,8.251649,0.37276953,2.9012191,2.6961272
0.6580262,-23.912075,4.9088755,8.032031,-5.8904,-0.6342122
-6.040681,-1.2317054,-13.718052,1.3139324,-4.5515757,-1.0598199
0.58504516,-4.935795,0.30867413,-4.6862674,1.5701829,0.6688777
-15.077774,-29.658438,-21.098713,-7.383311,-3.515426,4.7667465
5.3330035,0.85902333,15.967904,0.2327328,-6.750473,-0.37139514
-1.1653047,-2.1421745,-0.94337034,6.5096464,3.9446988,-2.7091076
-16.026527,-30.985857,7.305886,2.9025934,5.6167407,1.4049487
-4.5224347,-23.968306,-43.546383,3.3089595,-6.4809365,0.09498675
-0.6119644,-0.4755735,-9.856635,-3.0423248,0.74798244,-0.22601348
-0.50428736,-20.27678,-0.3595216,-6.044639,-1.8569757,-0.28343314
4.755137,-13.300505,7.2556367,-3.2019086,0.07910472,0.5709895
6.808777,7.6396847,7.8945203,2.2173755,0.51356983,-1.6453171
-8.12124,-8.975478,-2.7918258,-1.710525,2.6997921,-0.90573376
-0.59342,-10.939985,4.5098724,4.1928554,0.54594475,-0.1525591
5.852844,-19.859829,1.8227327,4.4558253,2.278002,-0.9086353
-3.5156546,-2.6961129,-5.291727,-3.4207447,3.2892597,1.0063709
-1.096511,-41.261234,-13.348361,-9.662687,-1.7331264,0.16050012
5.554938,-6.242276,3.8416767,-1.7929894,-3.3729458,-0.88206345
3.8368912,9.44148,4.068995,3.323009,2.656422,-2.4609509
-10.433903,-9.186047,7.4159555,-0.82403296,0.8223531,1.7471759
5.1625147,-16.517057,6.8303123,6.95526,1.1833638,-1.6544797
-5.441877,-5.0213385,-11.346765,3.9259152,2.4569805,-0.45813546
2.289333,-3.6233318,0.17407785,-3.8643725,2.740108,-0.49982578
-11.710474,-44.771507,-11.573485,-9.144231,-1.786881,0.865876
-0.17228323,-5.3018966,7.4644103,-0.70629215,-3.3327827,-2.063442
1.6941184,4.7132626,1.4446666,6.146345,4.371834,-2.0319834
-15.90928,-24.478575,7.327421,1.3799039,3.9619553,3.7599175
0.8458628,-23.92404,1.820938,6.5111737,-3.09837,-1.2329952
-7.9651084,-0.07597212,-12.5754795,2.5406666,-4.594335,-0.6256603
1.7048861,-10.679168,7.475178,-5.1763196,2.9406188,-0.10124794
-8.845667,-31.202408,-20.13321,-7.4845586,-1.6204251,5.1318808
5.4107704,-0.69332033,14.863018,-0.4046863,-6.5374403,-0.5858025
-1.125823,-1.5116657,-0.56769717,7.3579607,2.049087,-2.009382
-25.764717,-41.197227,8.48794,3.8610127,7.033448,3.7170055
0.6376872,-26.612974,-43.656452,5.1529546,-8.174664,-0.84342736
3.6813576,-3.482155,-26.41377,-2.9933043,-1.4086138,0.0012216945
-0.86560357,-9.101699,2.7996025,-6.2202578,-3.1875536,-0.59664506
3.2638102,-19.093529,6.1710896,-5.5061774,2.1039107,2.4833996
5.3647084,7.1048884,13.785051,0.8675558,-3.3179696,-0.9933904
-5.4580283,-14.335401,-29.618359,-1.5045168,-1.111742,-0.4810422
-6.092725,-21.625732,5.510072,4.2947145,-1.0330955,-0.449889
4.0151563,-19.945374,-2.3994029,3.1898444,1.5174973,-1.2157388
-1.1030912,-0.8177471,-8.741579,-1.9041636,3.549939,0.72980976
1.1736795,-22.244875,3.1962128,-4.904798,-2.687728,-0.16660859
0.56769717,-13.307085,0.87278205,-4.2463045,-0.008246438,1.1606098
5.4729834,3.3032916,8.906086,1.6393614,-6.0550237,-1.0248489
-9.198608,-6.059225,-5.425127,-2.4649215,2.416359,-1.5743061
1.4452649,-15.77588,9.022736,0.8826743,0.1771457,-0.6474981
5.28754,-18.581465,0.12981063,3.9219449,1.2394091,-0.04718795
-2.949154,0.53659046,-12.757932,-2.5246317,0.8441909,0.59664506
9.692128,-33.56173,6.352944,-4.956873,-2.6736784,-0.9100097
1.0486546,-15.7387905,2.477768,-3.4117346,-2.0028155,-0.019241689
3.5270207,2.9048867,9.807582,1.2462811,-6.361516,-2.7708032
-8.166105,-3.9230328,-6.1878395,-2.8485334,2.7755373,-1.3476818
7.6019974,-13.785649,8.173284,4.417342,8.207649,-0.7368345
4.1694937,-16.083956,-4.1874394,2.7831728,-1.5988927,-0.29503924
-3.4570305,-0.45044887,-9.671191,-3.2370324,0.5803049,0.99965155
13.027124,-44.328835,-15.885949,-6.829425,-0.66338015,-1.4102936
2.7990043,-14.778671,2.4634109,-2.5602136,-3.4890068,-1.2032164
1.6013966,0.8703892,5.861219,1.7163281,-4.1717815,-2.8280702
-3.4049866,-3.1100712,9.58505,-1.6414993,-1.0353861,-0.08292252
-3.4677982,-21.163918,5.4053864,5.541301,-7.8035736,-0.6409315
-5.5872407,-7.1527452,-0.36909288,2.2057695,0.99094695,-0.55755085
4.718646,-4.6522455,-2.5698915,-4.5787582,2.204395,1.6418047
-4.799404,-25.219154,-1.0115658,-5.8048816,-1.7181606,0.2249445
-1.026521,-2.4382863,8.408379,0.16217995,-4.4150515,-1.8030684
-2.5136602,1.966302,-1.7886349,3.9825714,4.7594166,-2.8564744
-9.102298,-20.427526,2.7260232,0.5667136,5.1317277,5.435624
5.209175,-23.842684,-43.59304,5.147457,-7.3261967,-3.4128036
-0.5772685,1.4027922,-21.573689,-2.827001,-6.5727167,1.0359969
0.40498522,-9.765109,-0.44506502,-5.362628,0.15057385,-0.91031516
0.33738798,-18.751953,-0.48035914,-5.472886,-0.9576558,1.4406832
1.4644074,4.970491,7.7150583,1.2132953,-2.3786392,-2.310988
-2.5842485,-4.8065825,-3.4743786,-1.1248752,1.9912094,-1.401589
-4.0995035,-22.278973,3.3116665,3.200687,1.7564913,0.68201095
-7.785647,-13.663615,-11.983255,3.8309286,1.8995823,-1.2307045
0.64606214,-0.84765744,-0.73459655,-4.617547,1.4955068,-0.32802498
-1.1485549,-43.76413,-17.985054,-9.768669,-1.4263283,0.85426986
3.894917,-10.797014,4.063013,-3.1002026,-3.7154784,-0.2997733
1.2693924,12.299706,5.4167523,3.3454578,4.2495117,-2.3342001
-3.8817565,-6.431309,13.444074,1.4919944,1.8464385,0.5308263
0.9176475,-25.523043,5.764908,6.4079404,-8.238649,-0.7388198
-6.760322,-0.8321041,-7.6127653,1.0246962,-3.5806339,-0.17989452
0.61794645,-2.364707,1.3058829,-5.092328,0.19730367,0.06994201
-5.556134,-24.781866,-1.8586249,-6.009057,5.1181364,3.697764
6.8201427,1.204188,12.973287,1.1951227,-4.9377837,-1.6721944
-8.251051,-6.5808606,-33.416367,3.8014553,4.214846,-2.4896607
-10.022936,-27.831518,6.3607206,2.973299,6.485213,4.0577054
3.9816568,-21.380468,-9.367901,3.2100024,3.7095227,-1.0989143
0.65922266,-4.0163527,-2.0889342,-3.4063897,3.7070794,0.3011477
-0.07597212,-31.25804,-18.49592,-8.06242,-3.9673002,-0.6803311
2.9312077,-10.373485,2.6883361,-3.4228826,-3.2289386,0.21547636
6.375676,6.259624,5.002794,3.0818772,0.54472303,-0.89672375
-7.1623163,-7.877172,13.147364,0.6807893,0.41751412,0.5036436
-2.1182463,-24.352953,7.834101,5.621933,-5.0191793,0.5517478
-10.555339,-5.621937,-8.287541,2.1092556,-2.666501,-0.5880932
1.1407782,-3.7806597,0.58504516,-4.6235027,4.172545,-0.04963134
-15.041882,-40.274197,-27.114868,-7.662468,-1.6228684,3.164036
1.9166509,3.7088752,14.924633,0.36513394,-6.4969716,-1.1319
-0.5270192,0.2865405,-0.39720857,6.689541,4.8437133,-1.8129947
-16.35913,-32.477184,9.062218,4.691307,6.7662024,2.5925884
0.19920248,-36.405003,-49.663033,6.3225746,-9.646652,-0.75806147
3.7471602,-0.39661035,-30.513275,-2.502794,-4.7826285,-0.078035735
0.6646065,-14.293526,3.3696926,-5.597957,-2.0726047,-0.43477052
0.29671,-20.652452,4.9860444,-5.4276834,4.9973416,2.6886442
5.8187466,3.2715867,13.093526,1.4956595,-5.4591417,-1.0885298
-9.476176,-12.844672,-9.409775,-2.5971699,0.0015271181,-0.42117918
-1.7688942,-17.761923,7.6624165,4.3284636,2.432241,1.4929107
4.197609,-17.72244,1.3076776,3.3778327,0.9970554,-1.3153069
0.5623133,-1.4973087,-3.9296129,-3.598654,4.1061153,0.01267508
-5.263612,-43.523052,-14.98924,-10.913549,-2.917712,-0.54472303
3.1004999,-3.1609187,9.835697,-1.8415518,-5.7111163,-2.3051848
-2.0398812,5.989235,6.064609,6.1481776,7.158061,-1.9499772
-19.384256,-41.91388,-0.43429732,-0.31183752,7.2852697,5.717683
0.762114,-30.203403,-12.580863,9.6845255,-9.382155,-1.4131951
-8.292925,2.4185455,-13.246068,-0.05635066,-6.8668394,0.4808895
0.4755735,-1.9166509,5.1415777,-4.660612,0.63650286,-0.0132859275
-11.206785,-51.22495,-27.7711,-6.827898,-2.2598295,3.7047887
3.5330026,0.87338024,14.373088,0.24800399,-4.734219,-1.0822686
-0.36550367,2.2456641,2.3611178,7.0878134,6.3606,-2.356954
-16.768902,-29.342587,1.4338989,2.0890977,5.3258247,2.3288553
0.7513463,-33.06881,-53.059048,8.777875,-4.8934975,-2.7503397
0.33260235,0.8560323,-26.681767,-1.8242953,-7.201889,0.45447037
0.23449662,-9.075976,0.6472585,-5.9559135,-0.017409148,0.35200074
-3.8853457,-19.91307,2.0662024,-6.655181,4.3528976,4.115431
5.9324055,7.7772717,15.947565,2.2477653,-4.9225125,-0.758825
-7.838887,-12.190235,-16.70908,-1.047603,4.9107537,-1.6092771
-4.2053857,-14.357534,8.602796,3.654699,3.840855,-0.46729815
8.943773,-20.182861,-7.832905,4.1216917,0.76340634,-0.80082077
-3.6484563,-0.39361933,-8.263015,-2.37925,0.6722374,1.0240854
2.0823538,-27.161528,-10.416555,-7.3165755,-1.4493878,-0.8249492
6.483353,-16.103697,3.612564,-5.54237,-0.4301892,1.2178767
2.082952,13.031312,11.657233,2.7439258,-0.07727218,-0.8341119
-6.7351975,-13.433307,1.8526429,0.3892624,2.6784124,-1.006829
1.8101703,-10.448858,10.747363,6.1161084,-0.50730866,-1.3012574
3.0209386,-16.743776,0.33320054,5.191591,5.6405635,-1.2636902
-1.4614165,-1.9280169,-5.111667,-3.820086,2.961693,0.57969403
-7.318448,-50.946186,-12.927822,-10.786341,-1.992431,0.84617615
3.7298124,-8.203195,6.187241,-1.7202986,-3.964704,-0.892906
3.0329027,7.41117,3.900301,5.824581,3.8727717,-2.7549212
-9.799207,-12.038889,10.576875,0.6300889,1.208714,1.7215203
-0.0526421,-18.147167,11.901301,7.7734895,-2.368713,-0.89641833
-11.827723,-2.021337,-12.78186,1.9134791,-2.4756112,-0.34925193
3.842873,-3.67059,1.0402796,-4.3518286,3.082488,-0.54594475
-19.504496,-39.1065,-17.486748,-5.5524487,-2.9448946,2.7075806
2.452045,-0.26081768,15.372689,-0.369868,-7.8332,-1.2991194
-0.86979103,1.0660025,-0.5066802,6.7014527,4.523935,-2.7552266
-19.150358,-45.412186,10.439885,2.768207,5.0179577,5.3249083
2.1954148,-28.905298,-35.543587,6.10099,-4.807215,-0.54136336
5.3443694,-2.0291135,-21.313469,-1.3988402,-1.2189457,0.15576605
1.7515461,-5.3676996,3.0472596,-5.48495,-2.3360326,-1.198635
-3.3667014,-23.788845,-7.7150583,-6.623722,-0.69728214,3.002009
4.0959144,3.8584266,11.712269,1.6473024,-4.944045,-0.55632913
-4.898706,-5.212166,-21.477976,0.5971032,5.5950556,-2.263189
-0.7256235,-26.929424,4.9549375,3.3504972,-0.5619795,1.9382184
5.5920267,-19.64328,-19.493729,3.5748308,-0.4315636,0.052532863
-1.6253247,-1.5840486,-5.116453,-2.5296712,1.0526426,0.057266932
2.1415763,-38.460438,-14.824135,-8.825979,-2.3612301,-0.4952444
4.150949,-13.970495,3.6245282,-3.4919083,-2.978033,-0.85915667
4.334,13.95853,6.6831536,4.9102955,3.9619553,-1.5292561
-10.086346,-13.99562,11.050055,-1.1302202,0.97521764,2.4259799
2.9533412,-9.302696,6.2458653,6.17704,-0.50242186,-2.4356008
-1.7395821,-11.112866,-7.0211396,4.098327,5.6601105,-1.1555703
1.052842,-2.620739,-1.3537394,-3.9920394,2.7914193,0.22906773
-8.804391,-43.59244,-9.775877,-9.272203,-5.124092,1.9614305
2.5088747,-6.236892,9.696316,-1.9380656,-5.3672094,-1.0895988
0.058624156,1.5583258,0.85244304,6.4656653,3.9251518,-3.114252
-26.866014,-43.0397,5.725426,3.1504447,4.5014863,4.213166
3.3236306,-31.479975,-26.565117,6.7060337,-2.6168697,-2.6492445
3.0999017,-1.6360924,-28.31786,-1.1086878,-6.4853654,-0.26571855
1.8855443,-12.171691,3.2027931,-5.4392896,-2.8299026,4.5813544E-4
-1.6546369,-22.037897,3.5144582,-5.636746,3.9543197,4.913808
11.063215,5.8480587,11.294123,2.308239,-4.1329927,-0.7769977
-9.70828,-11.737991,-2.9168508,-2.5250897,2.939855,-1.4469445
-0.6867401,-14.456836,7.498508,3.8445199,1.543611,-0.38086328
4.9770713,-19.384256,-1.8329022,4.6577106,2.5273805,-1.0763129
-2.8863423,-1.1814562,-8.72782,-2.641151,3.25154,0.7081247
-5.447261,-38.76253,-14.576477,-9.260292,-1.7638215,-0.009468133
4.7138605,-9.635299,3.7567315,-2.0383973,-2.752783,-0.9148965
6.4875402,12.021541,4.2095733,4.8296638,3.2072535,-1.0602782
-12.286546,-11.66501,12.296716,0.5544966,1.4918417,1.6670022
1.5864414,-18.838095,8.335996,6.98794,-1.6217995,-0.3206948
-11.801401,-0.39900318,-14.411372,1.2456703,-3.6858523,-0.34054735
2.2522442,-4.4859443,2.2707887,-4.40879,2.3574123,-0.008704574
-9.339785,-35.77868,-21.376879,-6.5614157,0.19501299,3.3926456
-0.7710871,4.775476,16.366907,0.15607147,-8.745042,-0.53372777
-1.3603196,-0.33080772,0.119042926,5.8044233,5.206862,-1.145186
-15.766907,-50.230732,15.876976,-1.3325633,-1.5149012,3.6566844
-7.0749784,-28.259235,-36.59822,6.513159,-14.559239,0.094528615
3.050849,-4.0881376,-10.496715,-3.0070484,1.837734,-0.39796698
-1.1479566,-6.646663,-0.7956135,-5.856956,-3.783588,-0.035123717
-1.4835501,-18.778275,1.1270195,-7.2562547,0.11697725,2.760266
3.8709888,3.9248273,13.068401,2.8717456,-3.9127822,-1.7674866
-8.994022,-8.718249,-16.042082,-0.14690876,4.074962,-1.0372187
3.6466618,-15.57907,5.5483575,4.169491,0.8411367,0.343907
4.999803,-19.200607,-0.48275197,3.4326563,3.5395544,-0.3875826
1.3166506,-0.57188463,-3.615555,-2.6041946,2.7839365,0.17409147
-3.2715867,-38.33003,-14.368301,-10.018659,-1.4359492,-0.21043688
3.53719,-8.484949,2.539383,-2.0144215,-2.3041158,-0.695755
5.7613187,8.030313,5.9527445,4.935493,1.4596195,-0.99583375
-7.953144,-9.540184,7.897511,-0.6126798,0.39598173,0.49967307
0.19920248,-13.83889,7.245467,5.4736495,-1.291331,0.63528115
-0.85064846,-10.183853,-1.9788643,4.2682953,4.8246245,-1.1977187
1.3698909,-4.1228333,-0.57906306,-4.0862627,4.897468,-0.18890451
-10.758729,-40.61338,-14.910874,-8.785969,-6.1472616,1.1471711
0.49172506,-5.212166,11.493923,-1.0731059,-5.451201,-1.5130687
-1.3256238,5.006383,1.3543376,6.671368,4.733455,-2.286554
-8.670991,-15.565311,8.446066,2.0509198,3.2750576,3.8494067
3.1507492,-23.604597,5.011767,8.068529,-6.677782,-2.3726835
-1.4494523,-2.0584257,-15.030516,0.114992,-4.8873887,0.2583884
0.6879365,-3.525824,-0.17048861,-5.054303,-1.3117945,-0.7308788
-15.42234,-30.757341,-16.795221,-5.9520955,-0.7035433,3.47679
1.0289137,3.5449667,10.730613,0.1887518,-5.532596,-0.86938834
-0.36191443,0.7304091,-2.0207388,6.6759496,4.753308,-2.1740055
-15.47558,-35.593235,10.480563,3.0487387,6.9236484,5.458684
-14.546567,-28.44468,-32.582466,6.923801,-14.439818,-0.010842538
1.0923235,-1.3752748,-15.04906,-1.6902144,-5.4763985,-1.2209309
0.6520442,-7.7234335,1.3160524,-5.228089,-0.92528087,-0.22922044
-6.393622,-23.904299,-5.023731,-6.2596574,3.651492,4.103061
2.9862428,1.7521443,13.004992,0.01007898,-4.970006,-0.67926216
-2.8606195,-3.2321053,-20.590239,5.13356,5.323381,-1.9461594
-3.842275,-16.286747,10.575678,3.3880644,4.89365,0.6267293
7.0875406,-23.001606,-19.852053,4.6636662,-3.9004126,-0.28770906
-4.7605205,-1.2765709,-17.730816,-2.8008873,-4.1102386,0.004275931
0.28893334,-27.879972,0.4863412,-5.6839337,0.13866232,-0.75271654
3.738187,-15.337994,4.4931226,-4.003493,2.4194133,1.716939
7.0558357,4.5912285,9.87458,1.9976232,-3.4618242,-0.5917583
-10.188639,-9.527023,6.471389,1.2554438,6.325476,-1.532005
2.4568307,-13.758132,15.192629,5.9395733,2.3691711,-0.8686248
0.910469,-13.019946,-0.32183465,4.4064994,3.3422508,-1.1746593
-2.475375,-1.5074782,-3.3613176,-3.2793336,4.116805,0.3155026
-15.069399,-32.866016,-6.6735826,-10.760532,-7.547629,3.1829724
0.35533416,-5.6470613,6.0801625,-1.2697988,-3.3819559,-0.618941
3.5162528,3.353541,2.7798617,6.370526,4.926025,-1.198635
-7.9184484,-17.807983,12.607184,3.497864,2.4911878,1.9701351
0.07058827,-24.665216,2.5806592,7.017413,-8.396859,-0.9310839
-8.111669,-1.282553,-6.6460648,1.2783506,-3.6835618,-0.7582142
1.2323036,-3.6460636,1.4727824,-3.99601,2.5237155,0.36085802
-13.591232,-35.2062,-10.636695,-6.521711,-6.3295994,2.8882387
0.2548356,-0.97926265,10.551749,-0.0018325418,-3.4595335,-1.1241117
1.5266209,2.2289143,0.7686943,6.3972507,4.4164257,-2.1686604
-22.201206,-36.812977,7.982456,2.0895557,4.7728553,2.2323413
2.804388,-32.260036,-9.25125,8.225669,-7.8095293,-0.594049
-5.8127646,0.10468599,-10.280165,0.47249034,-5.4562407,0.2895416
-0.12921242,-4.3238306,0.8979067,-5.2632127,1.4643536,0.23716144
-8.178668,-25.131817,-7.603792,-6.969462,2.4241474,4.20492
3.6843486,3.6311083,13.146168,0.30649263,-5.235572,-1.2904148
-2.254039,-2.009971,-1.3674982,6.2495785,5.215719,-2.2402823
-5.7990055,-15.658033,8.150552,4.4950724,4.2727237,0.44057357
2.8875387,-23.297718,-35.31866,3.8707864,-8.52361,-0.3775036
-0.38524446,-0.5276174,-23.20679,-3.3057528,-3.813672,0.3011477
-0.6161518,-13.597215,3.5377884,-5.16395,-0.64291674,0.11392301
-1.8532411,-18.8363,-3.1459637,-5.549853,4.1609387,3.5398598
6.13759,2.6099713,12.105888,0.7359182,-4.294256,-1.3174448
-6.5318074,-9.171689,-31.071999,0.29839888,3.3709607,-1.8204775
-0.4019942,-11.422139,9.748958,4.8021755,3.9275951,0.025502874
5.189434,-20.62972,-20.73979,2.8934307,-6.164976,-0.07986828
-0.5270192,-1.6600207,-15.483955,-3.9669948,-2.4943948,-0.39873055
-2.4364917,-28.152157,-4.915456,-5.0401006,2.1908038,1.1703833
2.199004,-14.102698,3.891926,-3.7483115,2.669708,1.335923
8.206783,5.428716,8.126026,1.6650169,-2.5151637,-0.77715045
-6.650851,-10.116256,-24.714268,-2.89114,3.8223767,-2.6327517
-3.2560334,-12.431312,9.459426,6.3370824,3.759154,0.8338065
4.089932,-18.684954,-8.656634,3.2836094,-1.9250852,-0.92375374
-3.094518,-0.48394838,-4.2664027,-3.8480322,0.5984776,0.49051034
-3.0819557,-29.015966,-9.939187,-6.3517427,1.1887088,0.7319477
3.2069805,-14.606986,1.1928221,-3.5337515,0.16141638,0.6879667
3.345166,9.795019,9.334401,1.9964015,-2.7054424,-0.7235486
-9.255438,-11.845669,-12.178869,-1.6094298,3.743272,-0.636961
0.25842485,-14.311472,4.6414776,5.6289573,2.2715883,0.23593976
2.806781,-15.520446,0.27996024,3.70937,3.042172,-1.2601779
0.19920248,-2.7439694,-4.5020957,-2.9933043,2.8416615,1.240478
-1.3800604,-39.189053,-17.64886,-8.132668,-1.2800305,-0.9666658
3.799204,-11.305489,4.4093738,-2.5657113,-2.2291343,-1.2027583
4.358526,12.988839,5.4640107,2.1462119,-1.039662,-2.185917
-8.787642,-9.047262,5.8151574,-2.4701135,2.0577917,0.9153546
1.6444674,-17.933607,5.519644,6.3744965,1.7282397,-1.0358442
2.1385853,-13.991432,2.265405,3.9650095,3.9136984,-1.0353861
1.4793626,-1.8197416,-7.143772,-2.8616667,5.064229,0.33764583
-4.6528435,-47.68357,-17.050058,-10.272771,-4.942365,0.12522368
4.1694937,-8.491529,6.0622163,-1.633711,-2.9111452,-1.5623946
2.4568307,11.489138,4.5212383,3.4380012,1.383569,-1.8699561
-12.863814,-10.703095,7.049854,-1.370894,3.576816,1.213448
1.527219,-21.768106,4.5631127,6.707256,-1.0175189,-1.4692404
-5.837889,-7.3663044,-10.591231,4.207363,5.8355765,-0.76554435
2.777469,-3.4522448,-1.2777673,-4.04442,2.9280963,0.30969957
-19.685751,-38.529232,-8.816355,-9.301524,-3.3075852,2.9645944
0.6735796,-5.6171513,7.7437725,-0.50242186,-3.429602,-0.89886177
1.8077775,6.422934,0.82612205,4.1213865,2.2292871,-2.5953374
-21.192633,-23.532215,6.0777693,0.9811734,3.0243049,3.279639
-3.141178,-24.667011,4.409972,6.387477,-6.1194677,-0.6452074
-4.505685,-0.2219343,-4.503292,0.98376954,-0.9914051,-0.38742986
3.821936,-3.8847475,0.82612205,-4.643508,1.770999,-0.37643462
-17.611176,-34.78626,-20.078773,-5.8473353,-2.010909,2.51608
-0.7280163,-0.019740786,14.539389,-0.6737645,-7.280994,-1.8569757
-2.6638098,0.35533416,-0.38584265,5.983707,4.9096847,-2.3477914
-15.444474,-32.49154,9.482756,2.5840366,7.0178714,5.550311
-13.354343,-22.39682,-38.653656,7.337192,-15.457185,-3.2793336
-2.5896323,-1.0043873,-19.10609,-0.20570281,-7.399193,0.31367007
2.5764718,-6.9009004,1.9776679,-5.2835236,-0.9486458,0.61466503
-3.507878,-23.976084,-8.977871,-5.6912637,-0.73225313,3.232451
6.0101724,1.3357933,15.630516,-0.24082653,-7.314438,-0.86954105
-12.372089,-6.24108,-45.72086,2.8299026,4.1804857,-3.0392706
4.3070807,-28.651659,10.0349,1.708998,4.090386,3.6337776
-1.7659031,-20.684156,-20.59622,3.1057003,-6.485976,-0.50578153
-0.08973085,-1.1497513,-16.055243,-3.211682,-5.036894,0.65207946
2.9084759,-12.94218,2.6889346,-5.659958,-1.2427688,-0.05222744
2.6913273,-15.803995,1.2640085,-4.717726,-0.7597413,1.914548
7.009176,3.3284163,9.786645,0.7893674,-3.1945784,-2.4473596
-6.1567326,-4.671388,0.7322037,-0.108425386,0.42484426,-2.7582808
2.4077778,-22.484158,9.403194,6.7712417,10.276742,-2.0958169
1.8586249,-15.567704,-0.058624156,4.9765725,6.5556126,-1.2960652
-2.3012972,-4.000201,-7.508079,-3.6692069,2.6852846,2.2958694
8.612965,-48.86024,-16.347765,-7.938571,-0.9623898,-1.4335058
6.7962146,-10.274182,6.501299,-2.70193,-3.2872746,-1.6137058
-0.948156,11.1320095,4.4004006,2.3053377,1.6207305,-4.231339
-0.96729857,-1.986641,9.858429,0.85747683,0.70537585,1.3021736
2.2606192,-34.069008,6.762715,5.4530334,-7.5874867,0.04703524
-6.6981087,-5.6668024,-3.1848469,2.8697605,4.424214,-0.41781953
2.1487548,-3.1519456,-3.675974,-4.692834,3.3518717,1.0659285
7.913663,-58.634922,-17.075182,-7.5774074,0.12186403,-1.6283661
6.7890363,-9.309277,11.876775,-2.1904984,-5.360643,-2.7277384
-3.4169507,10.826326,2.513062,3.9892907,5.9748497,-4.5448565
-2.158326,-4.750351,18.062222,2.3254955,3.9001071,1.5115415
-1.0378869,-27.894928,18.75255,5.849626,-3.8287907,-0.5787778
-7.687541,-6.24766,-1.7144574,2.4753058,-0.051158458,0.48669255
3.7447674,-4.193422,0.9708878,-5.5865035,2.3016725,0.42560783
-11.292328,-46.22694,-29.888748,-6.9039483,-4.0158625,-0.6771242
5.407181,-4.258626,19.541584,-0.5066978,-9.917716,-3.573609
-6.6071815,-2.096711,-17.371893,4.266463,7.277329,-1.0549332
-7.2532434,-24.081367,3.106482,3.3280485,8.706558,2.699945
6.3768725,-37.343586,-46.721657,9.515015,-6.764828,-1.9450904
2.8337002,-2.3144577,-23.18047,-3.9083536,-4.9188476,0.7624901
6.3948183,-2.3449662,-6.803393,-7.737908,-1.4147222,-0.54472303
4.275376,-29.71467,2.9521449,-5.5686364,-0.9281824,-0.23578705
-10.926227,25.892735,11.481959,1.4364073,1.0005678,-4.3009753
-7.470392,-14.184054,4.6498528,-2.6628358,-2.232952,3.5676534
3.1232316,-15.053247,10.846066,6.913111,4.159259,-0.20234315
-10.204192,-5.415556,-9.652647,4.0520554,6.410537,-0.89397496
3.016751,-2.059622,-0.20398813,-4.6998587,3.055916,-0.54625016
8.050054,-60.548584,-24.576681,-7.4931107,-1.4038798,1.017366
9.388838,-2.6069803,18.169899,-2.450261,-9.436063,-2.6941419
-4.293322,6.710671,5.6267223,4.8478365,5.910711,-4.422076
-2.8582265,-7.205387,8.555537,-0.4278985,3.66432,3.7849624
13.566707,-23.592035,-13.173087,5.080264,-2.5681546,-4.051139
-14.256437,-1.0001999,-2.11705,1.402658,-4.272266,1.4241904
3.5300117,-2.5633113,2.3192434,-4.966646,3.8310814,0.15668233
-11.827125,-46.331627,-22.427927,-5.8971195,-2.9305396,2.2444055
4.121637,-3.4307094,18.768703,-0.75332737,-6.711226,-1.9293611
-3.9673,3.9158542,1.7413766,5.65782,6.538509,-4.410012
0.44985065,-36.65565,31.896925,-3.242988,-7.4634843,3.706774
-1.9986051,-26.219355,-0.27816564,5.2580204,-1.2575818,-0.3672719
-0.37328035,1.416551,-19.144974,-1.872705,-7.3889613,1.4177765
1.416551,-6.108876,2.5220351,-4.489422,-0.57694525,-0.32649785
-7.112067,-24.749563,-5.9342003,-4.7232237,0.47401747,3.824362
2.0751755,4.941179,9.058628,-1.5769022,-8.477644,-1.2000095
-0.40498522,-0.30867413,0.03888337,7.0316157,2.4204822,-2.8851843
-11.947364,-46.47759,13.42852,1.8212411,4.7728553,5.323076
-4.874778,-21.023937,-2.0201404,4.5676103,-12.972563,-0.8475506
-2.4622145,5.805586,-8.656036,0.53067356,0.9665131,0.04199575
-1.8723837,-8.017751,-0.46061835,-2.8057742,-0.4500417,1.0870028
-3.2105699,-32.673393,7.9651084,-3.872619,4.968021,2.2082129
-2.481357,0.11365908,1.2598212,-1.7300721,-1.2838483,-1.380362
3.2883365,1.2107682,-1.5756737,0.08674031,-4.053888,-1.6447062
-6.2171516,-18.410378,-1.5463617,-5.50801,0.7911999,-0.11071607
-13.11865,-1.6031911,-1.8496519,5.5150347,3.9940248,-6.1468034
4.1784663,-2.777469,4.7306104,-0.5619795,0.14645062,2.158429
-7.722237,-3.1208389,0.13100705,-1.3591352,0.41522342,-0.8136485
-10.243075,-25.726433,-0.21655045,-1.9249325,-2.3345056,-0.34803024
0.6197411,-10.360324,0.34337005,1.7070127,2.9424512,1.6699036
4.982455,3.6053855,-16.521244,0.83502823,-0.58473355,-1.8310146
-7.5930243,-17.103298,-53.009396,1.1719105,2.292357,-1.7170917
1.939981,-13.980664,-2.905485,2.7283492,-0.36818817,-1.7337372
-2.309672,-5.447859,-2.0087745,2.1283445,-1.7949747,-0.28419667
3.6813576,-8.103892,-2.2181466,-0.43767205,0.211964,-1.6338637
-0.17766708,-8.25464,-3.0825539,2.540972,2.3467224,-0.20203774
6.9326053,-10.116256,13.972888,0.16630317,3.3465266,0.5609105
8.102695,-3.0287154,7.6947193,0.34833565,0.24968381,-1.1693144
2.9389844,-1.0462617,7.7868433,2.4194133,-0.09239065,-2.522341
0.36430725,-1.2981063,10.781461,2.867317,0.8884773,-3.0992863
-0.9936196,-2.431706,6.410372,2.1796558,1.5627,-0.81990975
9.022736,-0.9176475,8.072785,1.9380656,-1.1661074,-2.5121093
0.5706882,1.9639091,9.605987,0.057725064,-0.8570187,-1.9200456
2.5256243,2.4095724,8.583653,0.1021642,-0.58213747,-1.2473501
1.4285151,4.2448673,8.863015,0.5114319,-0.10460759,-0.8796201
0.52163535,4.4464626,8.770891,-0.16355436,-0.25716668,-0.4573719
0.9212367,3.7052858,8.995218,-0.03955236,-0.019852536,-0.2415901
1.3435699,3.687938,8.969496,-0.09834641,-0.14843589,-0.58396995
0.01375873,4.2221355,9.312865,-0.09239065,-0.080326416,-0.27197975
0.41336012,3.6616168,9.15494,-0.11056335,-0.039246935,-0.29030517
0.48993045,3.0502508,9.103494,0.0219905,-0.2507528,0.04902049
0.7262217,3.7208393,8.971889,0.049478628,-0.21746163,-0.04291202
0.637089,3.7214375,9.105886,0.1835596,-0.15500249,-0.034818295
0.654437,4.3124647,9.004789,0.10949437,0.07849387,-0.0010689828
1.3824533,3.970889,7.87119,0.06123744,0.016798299,-0.28114244
0.45224348,4.2006,9.47797,0.08964183,-0.17057909,0.114839286
1.3130615,4.6061835,8.337193,0.28114244,-0.5868715,-0.2507528
1.0827522,4.6731825,7.8376904,-0.07941014,-0.017103724,-0.19501299
0.9296116,4.339982,9.747163,-0.38865158,0.82769805,-0.29198498
0.08075777,4.421338,9.097511,0.5932854,-0.114992,-0.05314371
0.3475575,4.6642094,8.012366,0.149963,-0.111479625,-0.20753536
0.27337998,4.6085763,8.480164,-0.1693574,0.042759307,-0.08215895
-0.24646074,4.435695,8.349754,0.0038177953,0.14843589,-0.24464433
0.31465617,5.1696935,10.1348,0.2547233,0.71377504,0.012827792
-0.78065836,4.2281175,7.359724,-0.41064206,-0.23120569,-0.3515426
-0.2542374,4.4841495,8.611769,-1.0534061,0.09086353,0.042453885
-0.56350976,2.393421,11.241481,-0.6018373,0.3092414,-0.21410197
-0.2656033,3.7860436,7.4392858,0.98835087,-0.48806697,0.16477604
-0.22612174,3.842275,9.442677,-1.0042329,-0.16844113,-0.082006246
-0.1692922,1.146162,11.06501,-0.80830365,0.27564484,-0.72049433
0.7465607,3.2847474,6.390033,1.2236798,0.058641337,0.28877804
-1.1670992,3.2727833,10.083355,-0.22143213,0.50318545,0.20692451
-1.9645073,3.2673993,9.2997055,0.21394925,1.0314156,0.43706122
-2.5627131,3.7716868,8.766704,0.27488127,-0.15561333,0.15836215
-1.8215362,3.6478581,8.973683,-0.12476555,-0.21791977,0.054212693
-2.3976083,4.4404807,7.696514,-0.63237965,-0.6775823,0.060473878
1.2813566,2.0656042,11.090135,-1.9305828,-0.18432316,-1.7783291
-0.08315059,-0.33320054,10.5284195,0.41064206,0.06566608,-0.24907297
0.18364914,0.9487542,8.945567,0.22586077,-0.1293469,0.07146913
-0.84347,1.3639089,10.009177,1.3611205,-0.07482879,1.1461022
-3.731607,5.145167,9.609575,-0.044133715,1.1381612,0.4987568
-2.0141585,3.6975093,9.370294,0.15011571,0.582901,0.08078455
-1.1383854,3.0257242,10.469795,-0.29656634,-1.0366077,0.16584504
